-- MySQL dump 10.13  Distrib 8.0.46, for Win64 (x86_64)
--
-- Host: 127.0.0.1    Database: project_one
-- ------------------------------------------------------
-- Server version	8.0.46

/*!40101 SET @OLD_CHARACTER_SET_CLIENT=@@CHARACTER_SET_CLIENT */;
/*!40101 SET @OLD_CHARACTER_SET_RESULTS=@@CHARACTER_SET_RESULTS */;
/*!40101 SET @OLD_COLLATION_CONNECTION=@@COLLATION_CONNECTION */;
/*!50503 SET NAMES utf8 */;
/*!40103 SET @OLD_TIME_ZONE=@@TIME_ZONE */;
/*!40103 SET TIME_ZONE='+00:00' */;
/*!40014 SET @OLD_UNIQUE_CHECKS=@@UNIQUE_CHECKS, UNIQUE_CHECKS=0 */;
/*!40014 SET @OLD_FOREIGN_KEY_CHECKS=@@FOREIGN_KEY_CHECKS, FOREIGN_KEY_CHECKS=0 */;
/*!40101 SET @OLD_SQL_MODE=@@SQL_MODE, SQL_MODE='NO_AUTO_VALUE_ON_ZERO' */;
/*!40111 SET @OLD_SQL_NOTES=@@SQL_NOTES, SQL_NOTES=0 */;

--
-- Table structure for table `averagesales`
--

DROP TABLE IF EXISTS `averagesales`;
/*!40101 SET @saved_cs_client     = @@character_set_client */;
/*!50503 SET character_set_client = utf8mb4 */;
CREATE TABLE `averagesales` (
  `average_sale` decimal(14,4) DEFAULT NULL
) ENGINE=InnoDB DEFAULT CHARSET=utf8mb4 COLLATE=utf8mb4_0900_ai_ci;
/*!40101 SET character_set_client = @saved_cs_client */;

--
-- Dumping data for table `averagesales`
--

LOCK TABLES `averagesales` WRITE;
/*!40000 ALTER TABLE `averagesales` DISABLE KEYS */;
INSERT INTO `averagesales` VALUES (456.0000);
/*!40000 ALTER TABLE `averagesales` ENABLE KEYS */;
UNLOCK TABLES;

--
-- Table structure for table `bestsellingcateogery`
--

DROP TABLE IF EXISTS `bestsellingcateogery`;
/*!40101 SET @saved_cs_client     = @@character_set_client */;
/*!50503 SET character_set_client = utf8mb4 */;
CREATE TABLE `bestsellingcateogery` (
  `ProductCategory` text,
  `Best category Sales` decimal(32,0) DEFAULT NULL
) ENGINE=InnoDB DEFAULT CHARSET=utf8mb4 COLLATE=utf8mb4_0900_ai_ci;
/*!40101 SET character_set_client = @saved_cs_client */;

--
-- Dumping data for table `bestsellingcateogery`
--

LOCK TABLES `bestsellingcateogery` WRITE;
/*!40000 ALTER TABLE `bestsellingcateogery` DISABLE KEYS */;
INSERT INTO `bestsellingcateogery` VALUES ('Electronics',156905),('Clothing',155580),('Beauty',143515);
/*!40000 ALTER TABLE `bestsellingcateogery` ENABLE KEYS */;
UNLOCK TABLES;

--
-- Table structure for table `customerorders`
--

DROP TABLE IF EXISTS `customerorders`;
/*!40101 SET @saved_cs_client     = @@character_set_client */;
/*!50503 SET character_set_client = utf8mb4 */;
CREATE TABLE `customerorders` (
  `CustomerID` text,
  `total_orders` bigint NOT NULL DEFAULT '0'
) ENGINE=InnoDB DEFAULT CHARSET=utf8mb4 COLLATE=utf8mb4_0900_ai_ci;
/*!40101 SET character_set_client = @saved_cs_client */;

--
-- Dumping data for table `customerorders`
--

LOCK TABLES `customerorders` WRITE;
/*!40000 ALTER TABLE `customerorders` DISABLE KEYS */;
INSERT INTO `customerorders` VALUES ('CUST001',1),('CUST002',1),('CUST003',1),('CUST004',1),('CUST005',1),('CUST006',1),('CUST007',1),('CUST008',1),('CUST009',1),('CUST010',1);
/*!40000 ALTER TABLE `customerorders` ENABLE KEYS */;
UNLOCK TABLES;

--
-- Table structure for table `dailysales`
--

DROP TABLE IF EXISTS `dailysales`;
/*!40101 SET @saved_cs_client     = @@character_set_client */;
/*!50503 SET character_set_client = utf8mb4 */;
CREATE TABLE `dailysales` (
  `date` date DEFAULT NULL,
  `daily_sales` decimal(32,0) DEFAULT NULL
) ENGINE=InnoDB DEFAULT CHARSET=utf8mb4 COLLATE=utf8mb4_0900_ai_ci;
/*!40101 SET character_set_client = @saved_cs_client */;

--
-- Dumping data for table `dailysales`
--

LOCK TABLES `dailysales` WRITE;
/*!40000 ALTER TABLE `dailysales` DISABLE KEYS */;
INSERT INTO `dailysales` VALUES ('2023-01-01',3600),('2023-01-02',1765),('2023-01-03',600),('2023-01-04',1240),('2023-01-05',1100),('2023-01-06',620),('2023-01-07',150),('2023-01-08',625),('2023-01-09',200),('2023-01-10',230),('2023-01-11',280),('2023-01-13',1930),('2023-01-14',1550),('2023-01-15',660),('2023-01-16',4000),('2023-01-17',1645),('2023-01-19',30),('2023-01-20',125),('2023-01-21',2090),('2023-01-22',325),('2023-01-23',3120),('2023-01-24',2250),('2023-01-25',50),('2023-01-26',2570),('2023-01-27',235),('2023-01-28',1020),('2023-01-29',600),('2023-01-30',740),('2023-01-31',2100),('2023-02-01',4700),('2023-02-02',1375),('2023-02-03',1230),('2023-02-04',1120),('2023-02-05',1805),('2023-02-06',625),('2023-02-07',2100),('2023-02-08',425),('2023-02-09',600),('2023-02-10',1900),('2023-02-11',2215),('2023-02-12',500),('2023-02-13',3600),('2023-02-14',400),('2023-02-16',900),('2023-02-17',5890),('2023-02-18',1000),('2023-02-19',2025),('2023-02-20',1130),('2023-02-21',385),('2023-02-22',300),('2023-02-23',30),('2023-02-24',3200),('2023-02-25',2550),('2023-02-26',50),('2023-02-27',1825),('2023-02-28',2180),('2023-03-01',460),('2023-03-02',300),('2023-03-03',970),('2023-03-04',1000),('2023-03-05',420),('2023-03-06',625),('2023-03-07',3040),('2023-03-08',25),('2023-03-09',1200),('2023-03-10',175),('2023-03-11',500),('2023-03-12',525),('2023-03-13',300),('2023-03-15',1000),('2023-03-17',1075),('2023-03-18',1620),('2023-03-19',80),('2023-03-20',2950),('2023-03-21',3500),('2023-03-22',1390),('2023-03-23',1950),('2023-03-24',250),('2023-03-25',1625),('2023-03-26',1420),('2023-03-27',590),('2023-03-28',100),('2023-03-29',500),('2023-03-30',200),('2023-03-31',1200),('2023-04-01',4400),('2023-04-02',2600),('2023-04-04',1620),('2023-04-05',2100),('2023-04-06',1200),('2023-04-08',2450),('2023-04-09',2235),('2023-04-10',60),('2023-04-11',50),('2023-04-12',1590),('2023-04-13',360),('2023-04-15',700),('2023-04-16',300),('2023-04-17',25),('2023-04-18',500),('2023-04-19',2725),('2023-04-20',3375),('2023-04-21',170),('2023-04-22',225),('2023-04-23',2905),('2023-04-24',170),('2023-04-25',160),('2023-04-26',270),('2023-04-27',1430),('2023-04-28',135),('2023-04-29',1960),('2023-04-30',155),('2023-05-01',625),('2023-05-02',165),('2023-05-03',300),('2023-05-04',1140),('2023-05-05',1520),('2023-05-06',990),('2023-05-07',995),('2023-05-08',4200),('2023-05-09',660),('2023-05-10',2200),('2023-05-11',30),('2023-05-12',100),('2023-05-13',800),('2023-05-14',1060),('2023-05-15',1680),('2023-05-16',7260),('2023-05-17',3050),('2023-05-18',550),('2023-05-19',1350),('2023-05-20',725),('2023-05-21',2900),('2023-05-22',1810),('2023-05-23',8455),('2023-05-24',50),('2023-05-25',2600),('2023-05-26',2020),('2023-05-27',2200),('2023-05-28',75),('2023-05-29',1200),('2023-05-30',140),('2023-05-31',2300),('2023-06-01',160),('2023-06-02',150),('2023-06-03',1025),('2023-06-04',1030),('2023-06-05',100),('2023-06-06',1950),('2023-06-07',150),('2023-06-08',1700),('2023-06-09',1820),('2023-06-10',2750),('2023-06-11',3300),('2023-06-12',50),('2023-06-13',500),('2023-06-14',900),('2023-06-15',220),('2023-06-16',230),('2023-06-17',1450),('2023-06-18',900),('2023-06-19',2945),('2023-06-20',190),('2023-06-21',175),('2023-06-22',1220),('2023-06-23',170),('2023-06-24',6220),('2023-06-25',900),('2023-06-26',2130),('2023-06-27',900),('2023-06-28',300),('2023-06-29',2150),('2023-06-30',1030),('2023-07-01',1750),('2023-07-03',230),('2023-07-04',500),('2023-07-05',780),('2023-07-06',2260),('2023-07-08',220),('2023-07-09',325),('2023-07-11',200),('2023-07-12',30),('2023-07-13',100),('2023-07-14',5125),('2023-07-15',3000),('2023-07-16',190),('2023-07-17',950),('2023-07-19',2060),('2023-07-21',1000),('2023-07-22',150),('2023-07-23',2000),('2023-07-24',4610),('2023-07-25',2000),('2023-07-26',1000),('2023-07-27',1190),('2023-07-28',3450),('2023-07-29',575),('2023-07-30',270),('2023-07-31',1500),('2023-08-01',720),('2023-08-02',50),('2023-08-03',375),('2023-08-04',260),('2023-08-05',5205),('2023-08-06',2500),('2023-08-07',1020),('2023-08-08',1385),('2023-08-09',1010),('2023-08-10',200),('2023-08-11',900),('2023-08-12',1370),('2023-08-13',700),('2023-08-14',1230),('2023-08-15',970),('2023-08-17',900),('2023-08-18',1630),('2023-08-19',2160),('2023-08-20',90),('2023-08-21',1560),('2023-08-22',1275),('2023-08-23',1730),('2023-08-24',1305),('2023-08-25',395),('2023-08-26',955),('2023-08-27',1725),('2023-08-28',350),('2023-08-29',2630),('2023-08-31',2360),('2023-09-01',1375),('2023-09-02',1370),('2023-09-03',300),('2023-09-04',1000),('2023-09-05',530),('2023-09-06',1765),('2023-09-07',420),('2023-09-08',1125),('2023-09-09',200),('2023-09-10',200),('2023-09-11',2200),('2023-09-13',50),('2023-09-14',1200),('2023-09-15',75),('2023-09-16',2150),('2023-09-17',700),('2023-09-18',1000),('2023-09-19',160),('2023-09-21',105),('2023-09-22',140),('2023-09-23',100),('2023-09-24',390),('2023-09-25',1090),('2023-09-26',100),('2023-09-28',425),('2023-09-29',2550),('2023-09-30',2900),('2023-10-01',2800),('2023-10-02',1245),('2023-10-03',2170),('2023-10-04',3010),('2023-10-05',530),('2023-10-06',1500),('2023-10-07',2500),('2023-10-08',2025),('2023-10-09',195),('2023-10-10',2120),('2023-10-11',2250),('2023-10-12',475),('2023-10-13',1175),('2023-10-14',110),('2023-10-15',1500),('2023-10-16',2860),('2023-10-17',175),('2023-10-18',2025),('2023-10-19',1860),('2023-10-20',50),('2023-10-21',50),('2023-10-22',1950),('2023-10-23',800),('2023-10-24',2200),('2023-10-25',3500),('2023-10-26',740),('2023-10-27',3650),('2023-10-29',1250),('2023-10-30',75),('2023-10-31',1790),('2023-11-01',1450),('2023-11-02',1915),('2023-11-03',1200),('2023-11-04',500),('2023-11-05',1800),('2023-11-06',2700),('2023-11-07',1560),('2023-11-08',210),('2023-11-09',3100),('2023-11-10',115),('2023-11-12',225),('2023-11-13',1225),('2023-11-14',1080),('2023-11-15',1630),('2023-11-16',1500),('2023-11-17',2610),('2023-11-18',1130),('2023-11-19',300),('2023-11-20',50),('2023-11-21',1060),('2023-11-22',2200),('2023-11-23',1590),('2023-11-24',1110),('2023-11-25',150),('2023-11-26',1600),('2023-11-27',235),('2023-11-28',390),('2023-11-29',1825),('2023-11-30',460),('2023-12-01',110),('2023-12-02',3030),('2023-12-03',600),('2023-12-04',1730),('2023-12-05',2475),('2023-12-06',2940),('2023-12-07',1400),('2023-12-08',2800),('2023-12-09',3925),('2023-12-10',1420),('2023-12-11',950),('2023-12-12',200),('2023-12-13',725),('2023-12-14',660),('2023-12-15',2050),('2023-12-16',1130),('2023-12-17',1500),('2023-12-18',2250),('2023-12-19',790),('2023-12-20',1350),('2023-12-21',300),('2023-12-22',1000),('2023-12-23',1850),('2023-12-24',200),('2023-12-25',1200),('2023-12-26',1880),('2023-12-27',700),('2023-12-28',2075),('2023-12-29',3400),('2023-12-31',50),('2024-01-01',1530);
/*!40000 ALTER TABLE `dailysales` ENABLE KEYS */;
UNLOCK TABLES;

--
-- Table structure for table `dailysalesdoll`
--

DROP TABLE IF EXISTS `dailysalesdoll`;
/*!40101 SET @saved_cs_client     = @@character_set_client */;
/*!50503 SET character_set_client = utf8mb4 */;
CREATE TABLE `dailysalesdoll` (
  `month` varchar(7) DEFAULT NULL,
  `sales` decimal(32,0) DEFAULT NULL
) ENGINE=InnoDB DEFAULT CHARSET=utf8mb4 COLLATE=utf8mb4_0900_ai_ci;
/*!40101 SET character_set_client = @saved_cs_client */;

--
-- Dumping data for table `dailysalesdoll`
--

LOCK TABLES `dailysalesdoll` WRITE;
/*!40000 ALTER TABLE `dailysalesdoll` DISABLE KEYS */;
INSERT INTO `dailysalesdoll` VALUES ('2023-01',35450),('2023-02',44060),('2023-03',28990),('2023-04',33870),('2023-05',53150),('2023-06',36715),('2023-07',35465),('2023-08',36960),('2023-09',23620),('2023-10',46580),('2023-11',34920),('2023-12',44690),('2024-01',1530);
/*!40000 ALTER TABLE `dailysalesdoll` ENABLE KEYS */;
UNLOCK TABLES;

--
-- Table structure for table `daynamesalespcs`
--

DROP TABLE IF EXISTS `daynamesalespcs`;
/*!40101 SET @saved_cs_client     = @@character_set_client */;
/*!50503 SET character_set_client = utf8mb4 */;
CREATE TABLE `daynamesalespcs` (
  `day_name` varchar(9) DEFAULT NULL,
  `total_orders` bigint NOT NULL DEFAULT '0'
) ENGINE=InnoDB DEFAULT CHARSET=utf8mb4 COLLATE=utf8mb4_0900_ai_ci;
/*!40101 SET character_set_client = @saved_cs_client */;

--
-- Dumping data for table `daynamesalespcs`
--

LOCK TABLES `daynamesalespcs` WRITE;
/*!40000 ALTER TABLE `daynamesalespcs` DISABLE KEYS */;
INSERT INTO `daynamesalespcs` VALUES ('Tuesday',161),('Saturday',150),('Monday',146),('Friday',143),('Wednesday',139),('Sunday',138),('Thursday',123);
/*!40000 ALTER TABLE `daynamesalespcs` ENABLE KEYS */;
UNLOCK TABLES;

--
-- Table structure for table `monthlysales`
--

DROP TABLE IF EXISTS `monthlysales`;
/*!40101 SET @saved_cs_client     = @@character_set_client */;
/*!50503 SET character_set_client = utf8mb4 */;
CREATE TABLE `monthlysales` (
  `year` int DEFAULT NULL,
  `month` int DEFAULT NULL,
  `monthly_sales` decimal(32,0) DEFAULT NULL
) ENGINE=InnoDB DEFAULT CHARSET=utf8mb4 COLLATE=utf8mb4_0900_ai_ci;
/*!40101 SET character_set_client = @saved_cs_client */;

--
-- Dumping data for table `monthlysales`
--

LOCK TABLES `monthlysales` WRITE;
/*!40000 ALTER TABLE `monthlysales` DISABLE KEYS */;
INSERT INTO `monthlysales` VALUES (2023,1,35450),(2023,2,44060),(2023,3,28990),(2023,4,33870),(2023,5,53150),(2023,6,36715),(2023,7,35465),(2023,8,36960),(2023,9,23620),(2023,10,46580),(2023,11,34920),(2023,12,44690),(2024,1,1530);
/*!40000 ALTER TABLE `monthlysales` ENABLE KEYS */;
UNLOCK TABLES;

--
-- Table structure for table `retail_sales_dataset`
--

DROP TABLE IF EXISTS `retail_sales_dataset`;
/*!40101 SET @saved_cs_client     = @@character_set_client */;
/*!50503 SET character_set_client = utf8mb4 */;
CREATE TABLE `retail_sales_dataset` (
  `transactionID` int DEFAULT NULL,
  `CustomerID` text,
  `Gender` text,
  `Age` int DEFAULT NULL,
  `ProductCategory` text,
  `Quantity` int DEFAULT NULL,
  `Price per Unit` int DEFAULT NULL,
  `TotalAmount` int DEFAULT NULL,
  `date` date DEFAULT NULL
) ENGINE=InnoDB DEFAULT CHARSET=utf8mb4 COLLATE=utf8mb4_0900_ai_ci;
/*!40101 SET character_set_client = @saved_cs_client */;

--
-- Dumping data for table `retail_sales_dataset`
--

LOCK TABLES `retail_sales_dataset` WRITE;
/*!40000 ALTER TABLE `retail_sales_dataset` DISABLE KEYS */;
INSERT INTO `retail_sales_dataset` VALUES (1,'CUST001','Male',34,'Beauty',3,50,150,'2023-11-24'),(2,'CUST002','Female',26,'Clothing',2,500,1000,'2023-02-27'),(3,'CUST003','Male',50,'Electronics',1,30,30,'2023-01-13'),(4,'CUST004','Male',37,'Clothing',1,500,500,'2023-05-21'),(5,'CUST005','Male',30,'Beauty',2,50,100,'2023-05-06'),(6,'CUST006','Female',45,'Beauty',1,30,30,'2023-04-25'),(7,'CUST007','Male',46,'Clothing',2,25,50,'2023-03-13'),(8,'CUST008','Male',30,'Electronics',4,25,100,'2023-02-22'),(9,'CUST009','Male',63,'Electronics',2,300,600,'2023-12-13'),(10,'CUST010','Female',52,'Clothing',4,50,200,'2023-10-07'),(11,'CUST011','Male',23,'Clothing',2,50,100,'2023-02-14'),(12,'CUST012','Male',35,'Beauty',3,25,75,'2023-10-30'),(13,'CUST013','Male',22,'Electronics',3,500,1500,'2023-08-05'),(14,'CUST014','Male',64,'Clothing',4,30,120,'2023-01-17'),(15,'CUST015','Female',42,'Electronics',4,500,2000,'2023-01-16'),(16,'CUST016','Male',19,'Clothing',3,500,1500,'2023-02-17'),(17,'CUST017','Female',27,'Clothing',4,25,100,'2023-04-22'),(18,'CUST018','Female',47,'Electronics',2,25,50,'2023-04-30'),(19,'CUST019','Female',62,'Clothing',2,25,50,'2023-09-16'),(20,'CUST020','Male',22,'Clothing',3,300,900,'2023-11-05'),(21,'CUST021','Female',50,'Beauty',1,500,500,'2023-01-14'),(22,'CUST022','Male',18,'Clothing',2,50,100,'2023-10-15'),(23,'CUST023','Female',35,'Clothing',4,30,120,'2023-04-12'),(24,'CUST024','Female',49,'Clothing',1,300,300,'2023-11-29'),(25,'CUST025','Female',64,'Beauty',1,50,50,'2023-12-26'),(26,'CUST026','Female',28,'Electronics',2,500,1000,'2023-10-07'),(27,'CUST027','Female',38,'Beauty',2,25,50,'2023-08-03'),(28,'CUST028','Female',43,'Beauty',1,500,500,'2023-04-23'),(29,'CUST029','Female',42,'Electronics',1,30,30,'2023-08-18'),(30,'CUST030','Female',39,'Beauty',3,300,900,'2023-10-29'),(31,'CUST031','Male',44,'Electronics',4,300,1200,'2023-05-23'),(32,'CUST032','Male',30,'Beauty',3,30,90,'2023-01-04'),(33,'CUST033','Female',50,'Electronics',2,50,100,'2023-03-23'),(34,'CUST034','Female',51,'Clothing',3,50,150,'2023-12-24'),(35,'CUST035','Female',58,'Beauty',3,300,900,'2023-08-05'),(36,'CUST036','Male',52,'Beauty',3,300,900,'2023-06-24'),(37,'CUST037','Female',18,'Beauty',3,25,75,'2023-05-23'),(38,'CUST038','Male',38,'Beauty',4,50,200,'2023-03-21'),(39,'CUST039','Male',23,'Clothing',4,30,120,'2023-04-21'),(40,'CUST040','Male',45,'Beauty',1,50,50,'2023-06-22'),(41,'CUST041','Male',34,'Clothing',2,25,50,'2023-02-22'),(42,'CUST042','Male',22,'Clothing',3,300,900,'2023-02-17'),(43,'CUST043','Female',48,'Clothing',1,300,300,'2023-07-14'),(44,'CUST044','Female',22,'Clothing',1,25,25,'2023-02-19'),(45,'CUST045','Female',55,'Electronics',1,30,30,'2023-07-03'),(46,'CUST046','Female',20,'Electronics',4,300,1200,'2023-06-26'),(47,'CUST047','Female',40,'Beauty',3,500,1500,'2023-11-06'),(48,'CUST048','Male',54,'Electronics',3,300,900,'2023-05-16'),(49,'CUST049','Female',54,'Electronics',2,500,1000,'2023-01-23'),(50,'CUST050','Female',27,'Beauty',3,25,75,'2023-08-24'),(51,'CUST051','Male',27,'Beauty',3,25,75,'2023-10-02'),(52,'CUST052','Female',36,'Beauty',1,300,300,'2023-03-05'),(53,'CUST053','Male',34,'Electronics',2,50,100,'2023-07-13'),(54,'CUST054','Female',38,'Electronics',3,500,1500,'2023-02-10'),(55,'CUST055','Male',31,'Beauty',4,30,120,'2023-10-10'),(56,'CUST056','Female',26,'Clothing',3,300,900,'2023-05-31'),(57,'CUST057','Female',63,'Beauty',1,30,30,'2023-11-18'),(58,'CUST058','Male',18,'Clothing',4,300,1200,'2023-11-13'),(59,'CUST059','Male',62,'Clothing',1,50,50,'2023-07-05'),(60,'CUST060','Male',30,'Beauty',3,50,150,'2023-10-23'),(61,'CUST061','Male',21,'Beauty',4,50,200,'2023-04-09'),(62,'CUST062','Male',18,'Beauty',2,50,100,'2023-12-27'),(63,'CUST063','Male',57,'Electronics',2,25,50,'2023-02-05'),(64,'CUST064','Male',49,'Clothing',4,25,100,'2023-01-24'),(65,'CUST065','Male',51,'Electronics',4,500,2000,'2023-12-05'),(66,'CUST066','Female',45,'Electronics',1,30,30,'2023-04-27'),(67,'CUST067','Female',48,'Beauty',4,300,1200,'2023-05-29'),(68,'CUST068','Male',25,'Electronics',1,300,300,'2023-02-10'),(69,'CUST069','Female',56,'Beauty',3,25,75,'2023-04-30'),(70,'CUST070','Female',43,'Clothing',1,300,300,'2023-02-21'),(71,'CUST071','Female',51,'Beauty',4,25,100,'2023-07-14'),(72,'CUST072','Female',20,'Electronics',4,500,2000,'2023-05-23'),(73,'CUST073','Male',29,'Electronics',3,30,90,'2023-08-21'),(74,'CUST074','Female',18,'Beauty',4,500,2000,'2023-11-22'),(75,'CUST075','Male',61,'Beauty',4,50,200,'2023-07-06'),(76,'CUST076','Female',22,'Electronics',2,50,100,'2023-03-25'),(77,'CUST077','Female',47,'Clothing',2,50,100,'2023-07-09'),(78,'CUST078','Female',47,'Clothing',3,500,1500,'2023-07-01'),(79,'CUST079','Male',34,'Beauty',1,300,300,'2023-04-18'),(80,'CUST080','Female',64,'Clothing',2,30,60,'2023-12-10'),(81,'CUST081','Male',40,'Electronics',1,50,50,'2023-05-17'),(82,'CUST082','Female',32,'Beauty',4,50,200,'2023-12-26'),(83,'CUST083','Male',54,'Electronics',2,50,100,'2023-12-16'),(84,'CUST084','Female',38,'Electronics',3,30,90,'2023-11-28'),(85,'CUST085','Male',31,'Clothing',3,50,150,'2023-02-06'),(86,'CUST086','Male',19,'Beauty',3,30,90,'2023-11-08'),(87,'CUST087','Female',28,'Beauty',2,50,100,'2023-11-22'),(88,'CUST088','Male',56,'Clothing',1,500,500,'2023-03-29'),(89,'CUST089','Female',55,'Electronics',4,500,2000,'2023-10-01'),(90,'CUST090','Female',51,'Electronics',1,30,30,'2023-05-06'),(91,'CUST091','Female',55,'Electronics',1,500,500,'2023-03-25'),(92,'CUST092','Female',51,'Electronics',4,30,120,'2023-08-25'),(93,'CUST093','Female',35,'Beauty',4,500,2000,'2023-07-14'),(94,'CUST094','Female',47,'Beauty',2,500,1000,'2023-05-19'),(95,'CUST095','Female',32,'Clothing',2,30,60,'2023-11-24'),(96,'CUST096','Female',44,'Clothing',2,300,600,'2023-12-19'),(97,'CUST097','Female',51,'Beauty',2,500,1000,'2023-10-13'),(98,'CUST098','Female',55,'Beauty',2,50,100,'2023-04-23'),(99,'CUST099','Female',50,'Electronics',4,300,1200,'2023-12-17'),(100,'CUST100','Male',41,'Electronics',1,30,30,'2023-06-16'),(101,'CUST101','Male',32,'Clothing',2,300,600,'2023-01-29'),(102,'CUST102','Female',47,'Beauty',2,25,50,'2023-04-28'),(103,'CUST103','Female',59,'Clothing',1,25,25,'2023-01-17'),(104,'CUST104','Female',34,'Beauty',2,500,1000,'2023-06-11'),(105,'CUST105','Female',22,'Electronics',1,500,500,'2023-07-25'),(106,'CUST106','Female',46,'Clothing',1,50,50,'2023-05-18'),(107,'CUST107','Female',21,'Clothing',4,300,1200,'2023-02-03'),(108,'CUST108','Female',27,'Beauty',3,25,75,'2023-04-19'),(109,'CUST109','Female',34,'Electronics',4,500,2000,'2023-10-18'),(110,'CUST110','Male',27,'Clothing',3,300,900,'2023-06-11'),(111,'CUST111','Female',34,'Electronics',3,500,1500,'2023-04-19'),(112,'CUST112','Male',37,'Clothing',3,500,1500,'2023-12-02'),(113,'CUST113','Female',41,'Electronics',2,25,50,'2023-09-13'),(114,'CUST114','Female',22,'Beauty',4,25,100,'2023-07-22'),(115,'CUST115','Male',51,'Clothing',3,500,1500,'2023-11-26'),(116,'CUST116','Female',23,'Clothing',1,30,30,'2023-08-23'),(117,'CUST117','Male',19,'Electronics',2,500,1000,'2023-03-15'),(118,'CUST118','Female',30,'Electronics',4,500,2000,'2023-05-16'),(119,'CUST119','Female',60,'Clothing',3,50,150,'2023-03-13'),(120,'CUST120','Male',60,'Beauty',1,50,50,'2023-05-07'),(121,'CUST121','Female',28,'Electronics',4,50,200,'2023-10-15'),(122,'CUST122','Male',64,'Electronics',4,30,120,'2023-10-03'),(123,'CUST123','Female',40,'Electronics',2,30,60,'2023-05-15'),(124,'CUST124','Male',33,'Clothing',4,500,2000,'2023-10-27'),(125,'CUST125','Male',48,'Clothing',2,50,100,'2023-08-08'),(126,'CUST126','Female',28,'Clothing',3,30,90,'2023-10-26'),(127,'CUST127','Female',33,'Clothing',2,25,50,'2023-07-24'),(128,'CUST128','Male',25,'Beauty',1,500,500,'2023-07-05'),(129,'CUST129','Female',21,'Beauty',2,300,600,'2023-04-23'),(130,'CUST130','Female',57,'Clothing',1,500,500,'2023-03-12'),(131,'CUST131','Female',21,'Beauty',2,300,600,'2023-09-18'),(132,'CUST132','Male',42,'Electronics',4,50,200,'2023-09-10'),(133,'CUST133','Male',20,'Electronics',3,300,900,'2023-02-16'),(134,'CUST134','Male',49,'Electronics',1,50,50,'2023-01-25'),(135,'CUST135','Male',20,'Clothing',2,25,50,'2023-02-26'),(136,'CUST136','Male',44,'Electronics',2,300,600,'2023-03-20'),(137,'CUST137','Male',46,'Beauty',2,500,1000,'2023-11-18'),(138,'CUST138','Male',49,'Clothing',4,50,200,'2023-03-23'),(139,'CUST139','Male',36,'Beauty',4,500,2000,'2023-12-15'),(140,'CUST140','Male',38,'Electronics',1,30,30,'2023-08-05'),(141,'CUST141','Female',22,'Electronics',1,50,50,'2023-11-02'),(142,'CUST142','Male',35,'Electronics',4,300,1200,'2023-02-02'),(143,'CUST143','Female',45,'Clothing',1,50,50,'2023-07-17'),(144,'CUST144','Female',59,'Beauty',3,500,1500,'2023-07-15'),(145,'CUST145','Female',39,'Clothing',3,25,75,'2023-11-02'),(146,'CUST146','Male',38,'Clothing',4,50,200,'2023-08-28'),(147,'CUST147','Male',23,'Electronics',1,300,300,'2023-09-28'),(148,'CUST148','Male',18,'Clothing',2,30,60,'2023-05-09'),(149,'CUST149','Male',22,'Clothing',3,25,75,'2023-10-11'),(150,'CUST150','Female',58,'Electronics',4,30,120,'2023-01-06'),(151,'CUST151','Male',29,'Clothing',1,50,50,'2023-12-15'),(152,'CUST152','Male',43,'Electronics',4,500,2000,'2023-02-28'),(153,'CUST153','Male',63,'Electronics',2,500,1000,'2023-12-16'),(154,'CUST154','Male',51,'Electronics',3,300,900,'2023-10-02'),(155,'CUST155','Male',31,'Electronics',4,500,2000,'2023-05-17'),(156,'CUST156','Female',43,'Clothing',4,25,100,'2023-11-25'),(157,'CUST157','Male',62,'Electronics',4,500,2000,'2023-06-24'),(158,'CUST158','Female',44,'Electronics',2,300,600,'2023-02-27'),(159,'CUST159','Male',26,'Clothing',4,50,200,'2023-05-31'),(160,'CUST160','Female',43,'Clothing',2,50,100,'2023-08-11'),(161,'CUST161','Male',64,'Beauty',2,500,1000,'2023-03-22'),(162,'CUST162','Male',39,'Clothing',2,30,60,'2023-08-21'),(163,'CUST163','Female',64,'Clothing',3,50,150,'2023-01-02'),(164,'CUST164','Female',47,'Beauty',3,500,1500,'2023-05-15'),(165,'CUST165','Female',60,'Clothing',4,300,1200,'2023-09-14'),(166,'CUST166','Male',34,'Clothing',4,500,2000,'2023-04-02'),(167,'CUST167','Female',43,'Clothing',3,50,150,'2023-09-17'),(168,'CUST168','Male',53,'Clothing',1,300,300,'2023-02-24'),(169,'CUST169','Male',18,'Beauty',3,500,1500,'2023-11-17'),(170,'CUST170','Female',25,'Clothing',2,25,50,'2023-06-02'),(171,'CUST171','Female',52,'Clothing',3,300,900,'2023-11-24'),(172,'CUST172','Male',32,'Beauty',2,25,50,'2023-09-17'),(173,'CUST173','Male',64,'Electronics',4,30,120,'2023-11-08'),(174,'CUST174','Female',39,'Beauty',1,300,300,'2023-04-12'),(175,'CUST175','Female',31,'Electronics',4,25,100,'2023-03-20'),(176,'CUST176','Female',43,'Beauty',2,50,100,'2023-07-11'),(177,'CUST177','Male',45,'Beauty',2,50,100,'2023-03-24'),(178,'CUST178','Male',40,'Clothing',2,30,60,'2023-10-04'),(179,'CUST179','Male',31,'Electronics',1,300,300,'2023-09-29'),(180,'CUST180','Male',41,'Clothing',3,300,900,'2023-01-01'),(181,'CUST181','Male',19,'Electronics',4,300,1200,'2023-11-03'),(182,'CUST182','Male',62,'Beauty',4,30,120,'2023-06-15'),(183,'CUST183','Female',43,'Beauty',3,300,900,'2023-09-08'),(184,'CUST184','Male',31,'Electronics',4,50,200,'2023-01-10'),(185,'CUST185','Male',24,'Clothing',1,25,25,'2023-02-27'),(186,'CUST186','Male',20,'Clothing',4,50,200,'2023-07-05'),(187,'CUST187','Female',64,'Clothing',2,50,100,'2023-06-07'),(188,'CUST188','Male',40,'Clothing',3,25,75,'2023-05-03'),(189,'CUST189','Male',63,'Beauty',1,50,50,'2023-01-30'),(190,'CUST190','Female',60,'Beauty',3,30,90,'2023-05-04'),(191,'CUST191','Male',64,'Beauty',1,25,25,'2023-10-18'),(192,'CUST192','Male',62,'Beauty',2,50,100,'2023-02-10'),(193,'CUST193','Male',35,'Beauty',3,500,1500,'2023-02-13'),(194,'CUST194','Male',55,'Clothing',4,50,200,'2023-09-06'),(195,'CUST195','Male',52,'Clothing',1,30,30,'2023-02-05'),(196,'CUST196','Female',32,'Clothing',3,300,900,'2023-09-30'),(197,'CUST197','Female',42,'Clothing',4,50,200,'2023-03-06'),(198,'CUST198','Female',54,'Beauty',3,300,900,'2023-03-07'),(199,'CUST199','Male',45,'Beauty',3,500,1500,'2023-12-04'),(200,'CUST200','Male',27,'Beauty',3,50,150,'2023-09-01'),(201,'CUST201','Male',56,'Electronics',1,25,25,'2023-10-09'),(202,'CUST202','Female',34,'Clothing',4,300,1200,'2023-03-26'),(203,'CUST203','Male',56,'Clothing',2,500,1000,'2023-05-16'),(204,'CUST204','Male',39,'Beauty',1,25,25,'2023-09-28'),(205,'CUST205','Female',43,'Clothing',1,25,25,'2023-11-07'),(206,'CUST206','Male',61,'Clothing',1,25,25,'2023-08-05'),(207,'CUST207','Female',42,'Beauty',2,25,50,'2023-04-19'),(208,'CUST208','Female',34,'Electronics',4,50,200,'2023-10-04'),(209,'CUST209','Female',30,'Electronics',4,50,200,'2023-12-20'),(210,'CUST210','Male',37,'Electronics',4,50,200,'2023-04-13'),(211,'CUST211','Male',42,'Beauty',3,500,1500,'2024-01-01'),(212,'CUST212','Male',21,'Clothing',3,500,1500,'2023-06-09'),(213,'CUST213','Male',27,'Beauty',3,500,1500,'2023-07-24'),(214,'CUST214','Male',20,'Beauty',2,30,60,'2023-12-10'),(215,'CUST215','Male',58,'Clothing',3,500,1500,'2023-11-29'),(216,'CUST216','Male',62,'Electronics',2,50,100,'2023-07-11'),(217,'CUST217','Female',35,'Electronics',4,50,200,'2023-08-13'),(218,'CUST218','Male',64,'Beauty',3,30,90,'2023-09-22'),(219,'CUST219','Female',53,'Electronics',3,30,90,'2023-08-20'),(220,'CUST220','Male',64,'Beauty',1,500,500,'2023-03-03'),(221,'CUST221','Male',39,'Beauty',2,300,600,'2023-05-07'),(222,'CUST222','Male',51,'Clothing',4,30,120,'2023-04-26'),(223,'CUST223','Female',64,'Clothing',1,25,25,'2023-02-02'),(224,'CUST224','Female',25,'Clothing',1,50,50,'2023-06-23'),(225,'CUST225','Female',57,'Beauty',4,25,100,'2023-01-11'),(226,'CUST226','Female',61,'Clothing',1,50,50,'2023-10-29'),(227,'CUST227','Male',36,'Electronics',2,50,100,'2023-10-11'),(228,'CUST228','Female',59,'Electronics',2,30,60,'2023-04-28'),(229,'CUST229','Male',58,'Beauty',3,30,90,'2023-10-29'),(230,'CUST230','Male',54,'Beauty',1,25,25,'2023-04-23'),(231,'CUST231','Female',23,'Clothing',3,50,150,'2023-01-04'),(232,'CUST232','Female',43,'Beauty',1,25,25,'2023-02-06'),(233,'CUST233','Female',51,'Beauty',2,300,600,'2023-12-29'),(234,'CUST234','Female',62,'Electronics',2,25,50,'2023-11-20'),(235,'CUST235','Female',23,'Electronics',2,500,1000,'2023-01-31'),(236,'CUST236','Female',54,'Clothing',1,25,25,'2023-04-28'),(237,'CUST237','Female',50,'Beauty',2,500,1000,'2023-02-04'),(238,'CUST238','Female',39,'Beauty',1,500,500,'2023-01-17'),(239,'CUST239','Male',38,'Electronics',3,500,1500,'2023-06-19'),(240,'CUST240','Female',23,'Beauty',1,300,300,'2023-02-06'),(241,'CUST241','Female',23,'Electronics',3,25,75,'2023-09-21'),(242,'CUST242','Male',21,'Clothing',1,25,25,'2023-05-02'),(243,'CUST243','Female',47,'Electronics',3,300,900,'2023-05-23'),(244,'CUST244','Male',28,'Beauty',2,50,100,'2023-12-09'),(245,'CUST245','Male',47,'Clothing',3,30,90,'2023-09-06'),(246,'CUST246','Female',48,'Electronics',2,25,50,'2023-04-20'),(247,'CUST247','Male',41,'Electronics',2,30,60,'2023-10-04'),(248,'CUST248','Male',26,'Clothing',3,300,900,'2023-03-09'),(249,'CUST249','Male',20,'Clothing',1,50,50,'2023-10-20'),(250,'CUST250','Male',48,'Electronics',1,50,50,'2023-10-23'),(251,'CUST251','Female',57,'Beauty',4,50,200,'2023-08-31'),(252,'CUST252','Male',54,'Electronics',1,300,300,'2023-05-05'),(253,'CUST253','Female',53,'Clothing',4,500,2000,'2023-08-31'),(254,'CUST254','Male',41,'Electronics',1,500,500,'2023-07-28'),(255,'CUST255','Male',48,'Clothing',1,30,30,'2023-04-08'),(256,'CUST256','Male',23,'Clothing',2,500,1000,'2023-02-18'),(257,'CUST257','Male',19,'Beauty',4,500,2000,'2023-02-19'),(258,'CUST258','Female',37,'Clothing',1,50,50,'2023-12-04'),(259,'CUST259','Female',45,'Clothing',4,50,200,'2023-08-09'),(260,'CUST260','Male',28,'Beauty',2,30,60,'2023-07-01'),(261,'CUST261','Male',21,'Clothing',2,25,50,'2023-08-05'),(262,'CUST262','Female',32,'Beauty',4,30,120,'2023-07-30'),(263,'CUST263','Male',23,'Beauty',2,30,60,'2023-08-28'),(264,'CUST264','Male',47,'Clothing',3,300,900,'2023-01-28'),(265,'CUST265','Male',55,'Clothing',3,300,900,'2023-12-11'),(266,'CUST266','Female',19,'Electronics',2,30,60,'2023-12-01'),(267,'CUST267','Female',32,'Beauty',3,30,90,'2023-11-27'),(268,'CUST268','Female',28,'Electronics',1,30,30,'2023-02-20'),(269,'CUST269','Male',25,'Clothing',4,500,2000,'2023-02-01'),(270,'CUST270','Male',43,'Electronics',1,300,300,'2023-07-26'),(271,'CUST271','Female',62,'Beauty',4,30,120,'2023-06-23'),(272,'CUST272','Female',61,'Electronics',2,50,100,'2023-02-25'),(273,'CUST273','Female',22,'Beauty',1,50,50,'2023-05-08'),(274,'CUST274','Female',23,'Clothing',2,500,1000,'2023-04-09'),(275,'CUST275','Male',43,'Clothing',2,500,1000,'2023-04-08'),(276,'CUST276','Female',21,'Beauty',4,25,100,'2023-10-02'),(277,'CUST277','Male',36,'Clothing',4,25,100,'2023-08-18'),(278,'CUST278','Female',37,'Clothing',4,25,100,'2023-03-13'),(279,'CUST279','Male',50,'Clothing',1,500,500,'2023-08-05'),(280,'CUST280','Female',37,'Clothing',3,500,1500,'2023-04-04'),(281,'CUST281','Female',29,'Beauty',4,500,2000,'2023-05-23'),(282,'CUST282','Female',64,'Electronics',4,50,200,'2023-08-25'),(283,'CUST283','Female',18,'Electronics',1,500,500,'2023-05-08'),(284,'CUST284','Male',43,'Clothing',4,50,200,'2023-02-08'),(285,'CUST285','Female',31,'Electronics',1,25,25,'2023-08-15'),(286,'CUST286','Male',55,'Electronics',2,25,50,'2023-10-09'),(287,'CUST287','Male',54,'Clothing',4,25,100,'2023-02-20'),(288,'CUST288','Male',28,'Clothing',4,30,120,'2023-01-26'),(289,'CUST289','Male',53,'Electronics',2,30,60,'2023-11-30'),(290,'CUST290','Female',30,'Beauty',2,300,600,'2023-10-04'),(291,'CUST291','Male',60,'Clothing',2,300,600,'2023-01-08'),(292,'CUST292','Male',20,'Beauty',4,300,1200,'2023-02-17'),(293,'CUST293','Male',50,'Electronics',3,30,90,'2023-05-02'),(294,'CUST294','Female',23,'Clothing',3,30,90,'2023-03-27'),(295,'CUST295','Female',27,'Beauty',3,300,900,'2023-07-28'),(296,'CUST296','Female',22,'Clothing',4,300,1200,'2023-09-06'),(297,'CUST297','Female',40,'Electronics',2,500,1000,'2023-09-04'),(298,'CUST298','Male',27,'Beauty',4,300,1200,'2023-04-20'),(299,'CUST299','Male',61,'Electronics',2,500,1000,'2023-07-25'),(300,'CUST300','Female',19,'Electronics',4,50,200,'2023-01-31'),(301,'CUST301','Male',30,'Clothing',4,30,120,'2023-03-26'),(302,'CUST302','Male',57,'Beauty',2,300,600,'2023-07-14'),(303,'CUST303','Male',19,'Electronics',3,30,90,'2023-01-02'),(304,'CUST304','Female',37,'Electronics',2,30,60,'2023-07-19'),(305,'CUST305','Female',18,'Beauty',1,30,30,'2023-05-16'),(306,'CUST306','Male',54,'Electronics',1,50,50,'2023-08-21'),(307,'CUST307','Female',26,'Electronics',2,25,50,'2023-05-27'),(308,'CUST308','Female',34,'Beauty',4,300,1200,'2023-08-05'),(309,'CUST309','Female',26,'Beauty',1,25,25,'2023-12-23'),(310,'CUST310','Female',28,'Beauty',1,25,25,'2023-10-12'),(311,'CUST311','Female',32,'Beauty',4,25,100,'2023-12-05'),(312,'CUST312','Male',41,'Clothing',4,30,120,'2023-09-07'),(313,'CUST313','Female',55,'Beauty',3,500,1500,'2023-03-21'),(314,'CUST314','Male',52,'Clothing',4,30,120,'2023-04-08'),(315,'CUST315','Male',47,'Clothing',2,30,60,'2023-06-01'),(316,'CUST316','Female',48,'Clothing',2,25,50,'2023-04-22'),(317,'CUST317','Male',22,'Electronics',3,30,90,'2023-01-30'),(318,'CUST318','Male',61,'Clothing',1,25,25,'2023-10-24'),(319,'CUST319','Male',31,'Clothing',1,500,500,'2023-10-05'),(320,'CUST320','Female',28,'Electronics',4,300,1200,'2023-02-01'),(321,'CUST321','Female',26,'Electronics',2,25,50,'2023-06-10'),(322,'CUST322','Male',51,'Electronics',1,500,500,'2023-01-30'),(323,'CUST323','Female',29,'Beauty',3,300,900,'2023-01-26'),(324,'CUST324','Female',52,'Electronics',3,50,150,'2023-10-27'),(325,'CUST325','Female',52,'Electronics',2,25,50,'2023-09-02'),(326,'CUST326','Female',18,'Clothing',3,25,75,'2023-09-15'),(327,'CUST327','Male',57,'Electronics',3,50,150,'2023-09-29'),(328,'CUST328','Male',39,'Beauty',2,50,100,'2023-03-22'),(329,'CUST329','Female',46,'Electronics',4,25,100,'2023-01-30'),(330,'CUST330','Female',25,'Beauty',4,50,200,'2023-09-18'),(331,'CUST331','Male',28,'Electronics',3,30,90,'2023-02-11'),(332,'CUST332','Male',58,'Electronics',4,300,1200,'2023-04-06'),(333,'CUST333','Female',54,'Electronics',4,300,1200,'2023-02-05'),(334,'CUST334','Male',31,'Electronics',3,300,900,'2023-11-01'),(335,'CUST335','Female',47,'Beauty',4,30,120,'2023-02-04'),(336,'CUST336','Female',52,'Beauty',3,50,150,'2023-12-12'),(337,'CUST337','Male',38,'Clothing',1,500,500,'2023-05-01'),(338,'CUST338','Male',54,'Beauty',2,50,100,'2023-07-26'),(339,'CUST339','Female',22,'Electronics',2,25,50,'2023-03-03'),(340,'CUST340','Female',36,'Clothing',4,300,1200,'2023-10-19'),(341,'CUST341','Male',31,'Clothing',4,50,200,'2023-05-07'),(342,'CUST342','Female',43,'Clothing',4,500,2000,'2023-10-24'),(343,'CUST343','Male',21,'Electronics',2,25,50,'2023-11-01'),(344,'CUST344','Female',42,'Beauty',1,30,30,'2023-01-21'),(345,'CUST345','Male',62,'Electronics',1,30,30,'2023-11-14'),(346,'CUST346','Male',59,'Clothing',2,500,1000,'2023-02-11'),(347,'CUST347','Male',42,'Electronics',1,25,25,'2023-08-03'),(348,'CUST348','Female',35,'Electronics',2,300,600,'2023-12-03'),(349,'CUST349','Female',57,'Beauty',1,50,50,'2023-10-26'),(350,'CUST350','Male',25,'Beauty',3,25,75,'2023-10-17'),(351,'CUST351','Female',56,'Clothing',3,30,90,'2023-09-25'),(352,'CUST352','Male',57,'Electronics',2,500,1000,'2023-06-11'),(353,'CUST353','Male',31,'Electronics',1,500,500,'2023-05-14'),(354,'CUST354','Female',49,'Beauty',4,50,200,'2023-04-15'),(355,'CUST355','Female',55,'Electronics',1,500,500,'2023-12-09'),(356,'CUST356','Male',50,'Electronics',3,500,1500,'2023-06-10'),(357,'CUST357','Female',40,'Electronics',3,25,75,'2023-05-03'),(358,'CUST358','Female',32,'Beauty',1,300,300,'2023-05-16'),(359,'CUST359','Male',50,'Clothing',1,50,50,'2023-07-22'),(360,'CUST360','Male',42,'Clothing',4,25,100,'2023-03-09'),(361,'CUST361','Female',34,'Electronics',4,300,1200,'2023-12-10'),(362,'CUST362','Male',50,'Clothing',1,25,25,'2023-11-27'),(363,'CUST363','Male',64,'Beauty',1,25,25,'2023-06-03'),(364,'CUST364','Female',19,'Beauty',1,500,500,'2023-08-23'),(365,'CUST365','Male',31,'Clothing',1,300,300,'2023-06-11'),(366,'CUST366','Male',57,'Clothing',2,50,100,'2023-02-07'),(367,'CUST367','Female',57,'Electronics',1,50,50,'2023-01-05'),(368,'CUST368','Female',56,'Clothing',4,300,1200,'2023-08-23'),(369,'CUST369','Male',23,'Electronics',3,500,1500,'2023-11-15'),(370,'CUST370','Male',23,'Electronics',2,30,60,'2023-10-16'),(371,'CUST371','Female',20,'Beauty',1,25,25,'2023-02-21'),(372,'CUST372','Female',24,'Beauty',3,500,1500,'2023-02-07'),(373,'CUST373','Female',25,'Beauty',2,300,600,'2023-10-03'),(374,'CUST374','Female',59,'Beauty',3,25,75,'2023-04-20'),(375,'CUST375','Male',32,'Clothing',1,50,50,'2023-09-17'),(376,'CUST376','Female',64,'Beauty',1,30,30,'2023-05-16'),(377,'CUST377','Female',46,'Clothing',4,50,200,'2023-03-09'),(378,'CUST378','Male',50,'Beauty',1,300,300,'2023-06-28'),(379,'CUST379','Female',47,'Clothing',1,25,25,'2023-02-05'),(380,'CUST380','Male',56,'Electronics',2,300,600,'2023-05-06'),(381,'CUST381','Female',44,'Clothing',4,25,100,'2023-07-09'),(382,'CUST382','Female',53,'Clothing',2,500,1000,'2023-05-26'),(383,'CUST383','Female',46,'Beauty',3,30,90,'2023-03-22'),(384,'CUST384','Male',55,'Clothing',1,500,500,'2023-08-13'),(385,'CUST385','Male',50,'Electronics',3,500,1500,'2023-10-06'),(386,'CUST386','Female',54,'Electronics',2,300,600,'2023-12-27'),(387,'CUST387','Male',44,'Beauty',1,30,30,'2023-06-04'),(388,'CUST388','Male',50,'Electronics',1,25,25,'2023-11-10'),(389,'CUST389','Male',21,'Clothing',2,25,50,'2023-12-01'),(390,'CUST390','Male',39,'Electronics',2,50,100,'2023-09-28'),(391,'CUST391','Male',19,'Beauty',2,25,50,'2023-01-05'),(392,'CUST392','Male',27,'Clothing',2,300,600,'2023-12-08'),(393,'CUST393','Female',22,'Beauty',2,500,1000,'2023-10-11'),(394,'CUST394','Female',27,'Clothing',1,500,500,'2023-06-03'),(395,'CUST395','Male',50,'Electronics',2,500,1000,'2023-12-06'),(396,'CUST396','Female',55,'Beauty',1,30,30,'2023-02-23'),(397,'CUST397','Female',30,'Beauty',1,25,25,'2023-03-10'),(398,'CUST398','Female',48,'Clothing',2,300,600,'2023-05-16'),(399,'CUST399','Female',64,'Beauty',2,30,60,'2023-03-01'),(400,'CUST400','Male',53,'Clothing',4,50,200,'2023-02-24'),(401,'CUST401','Female',62,'Clothing',1,300,300,'2023-10-11'),(402,'CUST402','Female',41,'Clothing',2,300,600,'2023-03-21'),(403,'CUST403','Male',32,'Clothing',2,300,600,'2023-05-20'),(404,'CUST404','Male',46,'Electronics',2,500,1000,'2023-05-25'),(405,'CUST405','Female',25,'Clothing',4,300,1200,'2023-11-06'),(406,'CUST406','Female',22,'Beauty',4,25,100,'2023-04-18'),(407,'CUST407','Female',46,'Electronics',3,300,900,'2023-06-25'),(408,'CUST408','Female',64,'Beauty',1,500,500,'2023-04-15'),(409,'CUST409','Female',21,'Electronics',3,300,900,'2023-12-18'),(410,'CUST410','Female',29,'Clothing',2,50,100,'2023-11-21'),(411,'CUST411','Male',62,'Electronics',4,50,200,'2023-05-16'),(412,'CUST412','Female',19,'Electronics',4,500,2000,'2023-09-16'),(413,'CUST413','Female',44,'Beauty',3,25,75,'2023-09-08'),(414,'CUST414','Male',48,'Beauty',4,25,100,'2023-05-09'),(415,'CUST415','Male',53,'Clothing',2,30,60,'2023-01-27'),(416,'CUST416','Male',53,'Electronics',4,500,2000,'2023-02-17'),(417,'CUST417','Male',43,'Electronics',3,300,900,'2023-11-21'),(418,'CUST418','Female',60,'Electronics',2,500,1000,'2023-08-05'),(419,'CUST419','Female',44,'Clothing',3,30,90,'2023-05-22'),(420,'CUST420','Female',22,'Clothing',4,500,2000,'2023-01-23'),(421,'CUST421','Female',37,'Clothing',3,500,1500,'2023-01-02'),(422,'CUST422','Female',28,'Clothing',3,30,90,'2023-06-20'),(423,'CUST423','Female',27,'Clothing',1,25,25,'2023-03-08'),(424,'CUST424','Male',57,'Beauty',4,300,1200,'2023-11-23'),(425,'CUST425','Female',55,'Electronics',4,30,120,'2023-05-15'),(426,'CUST426','Male',23,'Electronics',3,50,150,'2023-03-24'),(427,'CUST427','Male',25,'Electronics',1,25,25,'2023-08-15'),(428,'CUST428','Female',40,'Electronics',4,50,200,'2023-10-10'),(429,'CUST429','Male',64,'Electronics',2,25,50,'2023-12-28'),(430,'CUST430','Female',43,'Electronics',3,300,900,'2023-08-07'),(431,'CUST431','Male',63,'Electronics',4,300,1200,'2023-10-15'),(432,'CUST432','Female',60,'Electronics',2,500,1000,'2023-01-05'),(433,'CUST433','Male',29,'Beauty',4,50,200,'2023-02-27'),(434,'CUST434','Female',43,'Electronics',2,25,50,'2023-02-08'),(435,'CUST435','Female',30,'Beauty',3,300,900,'2023-12-20'),(436,'CUST436','Female',57,'Clothing',4,30,120,'2023-03-18'),(437,'CUST437','Female',35,'Electronics',4,300,1200,'2023-10-07'),(438,'CUST438','Female',42,'Clothing',1,30,30,'2023-01-19'),(439,'CUST439','Male',50,'Clothing',3,25,75,'2023-07-09'),(440,'CUST440','Male',64,'Clothing',2,300,600,'2023-10-26'),(441,'CUST441','Male',57,'Beauty',4,300,1200,'2023-10-10'),(442,'CUST442','Female',60,'Clothing',4,25,100,'2023-03-17'),(443,'CUST443','Male',29,'Clothing',2,300,600,'2023-08-09'),(444,'CUST444','Female',61,'Clothing',3,30,90,'2023-03-07'),(445,'CUST445','Female',53,'Electronics',1,300,300,'2023-01-22'),(446,'CUST446','Male',21,'Electronics',1,50,50,'2023-06-07'),(447,'CUST447','Male',22,'Beauty',4,500,2000,'2023-07-06'),(448,'CUST448','Female',54,'Beauty',2,30,60,'2023-01-21'),(449,'CUST449','Male',25,'Electronics',4,50,200,'2023-07-03'),(450,'CUST450','Female',59,'Beauty',2,25,50,'2023-04-18'),(451,'CUST451','Female',45,'Electronics',1,30,30,'2023-12-16'),(452,'CUST452','Female',48,'Clothing',3,500,1500,'2023-05-08'),(453,'CUST453','Female',26,'Clothing',2,500,1000,'2023-12-08'),(454,'CUST454','Female',46,'Beauty',1,25,25,'2023-02-22'),(455,'CUST455','Male',31,'Electronics',4,25,100,'2023-07-01'),(456,'CUST456','Male',57,'Electronics',2,30,60,'2023-10-14'),(457,'CUST457','Female',58,'Beauty',3,300,900,'2023-07-28'),(458,'CUST458','Female',39,'Electronics',4,25,100,'2023-11-14'),(459,'CUST459','Male',28,'Clothing',4,300,1200,'2023-03-21'),(460,'CUST460','Male',40,'Beauty',1,50,50,'2023-05-02'),(461,'CUST461','Female',18,'Beauty',2,500,1000,'2023-03-25'),(462,'CUST462','Male',63,'Electronics',4,300,1200,'2023-04-01'),(463,'CUST463','Female',54,'Beauty',3,500,1500,'2023-07-31'),(464,'CUST464','Male',38,'Electronics',2,300,600,'2023-01-13'),(465,'CUST465','Female',43,'Electronics',3,50,150,'2023-04-02'),(466,'CUST466','Male',63,'Electronics',4,25,100,'2023-06-20'),(467,'CUST467','Female',53,'Electronics',3,50,150,'2023-07-30'),(468,'CUST468','Male',40,'Electronics',1,25,25,'2023-12-09'),(469,'CUST469','Male',18,'Beauty',3,25,75,'2023-05-08'),(470,'CUST470','Female',57,'Clothing',2,500,1000,'2023-05-17'),(471,'CUST471','Male',32,'Clothing',3,50,150,'2023-03-23'),(472,'CUST472','Female',38,'Beauty',3,300,900,'2023-12-26'),(473,'CUST473','Male',64,'Beauty',1,50,50,'2023-02-25'),(474,'CUST474','Female',26,'Clothing',3,500,1500,'2023-07-15'),(475,'CUST475','Male',26,'Clothing',3,25,75,'2023-01-20'),(476,'CUST476','Female',27,'Clothing',4,500,2000,'2023-08-29'),(477,'CUST477','Male',43,'Clothing',4,30,120,'2023-04-24'),(478,'CUST478','Female',58,'Clothing',2,30,60,'2023-04-13'),(479,'CUST479','Male',52,'Electronics',4,300,1200,'2023-08-24'),(480,'CUST480','Female',42,'Beauty',4,500,2000,'2023-06-29'),(481,'CUST481','Female',43,'Electronics',4,300,1200,'2023-06-06'),(482,'CUST482','Female',28,'Clothing',4,300,1200,'2023-04-27'),(483,'CUST483','Male',55,'Clothing',1,30,30,'2023-04-25'),(484,'CUST484','Female',19,'Clothing',4,300,1200,'2023-01-13'),(485,'CUST485','Male',24,'Electronics',1,30,30,'2023-12-04'),(486,'CUST486','Female',35,'Electronics',1,25,25,'2023-04-09'),(487,'CUST487','Male',44,'Clothing',4,500,2000,'2023-07-24'),(488,'CUST488','Female',51,'Electronics',3,300,900,'2023-06-18'),(489,'CUST489','Male',44,'Electronics',1,30,30,'2023-05-23'),(490,'CUST490','Male',34,'Clothing',3,50,150,'2023-02-05'),(491,'CUST491','Female',60,'Electronics',3,300,900,'2023-05-23'),(492,'CUST492','Male',61,'Beauty',4,25,100,'2023-06-29'),(493,'CUST493','Male',41,'Beauty',2,25,50,'2023-11-25'),(494,'CUST494','Female',42,'Beauty',4,50,200,'2023-09-18'),(495,'CUST495','Male',24,'Beauty',2,30,60,'2023-07-24'),(496,'CUST496','Male',23,'Clothing',2,300,600,'2023-12-14'),(497,'CUST497','Male',41,'Clothing',4,30,120,'2023-10-02'),(498,'CUST498','Female',50,'Clothing',4,25,100,'2023-06-19'),(499,'CUST499','Male',46,'Beauty',2,30,60,'2023-01-15'),(500,'CUST500','Female',60,'Beauty',4,25,100,'2023-03-01'),(501,'CUST501','Male',39,'Electronics',2,30,60,'2023-05-14'),(502,'CUST502','Male',43,'Electronics',3,50,150,'2023-04-02'),(503,'CUST503','Male',45,'Beauty',4,500,2000,'2023-10-25'),(504,'CUST504','Female',38,'Beauty',3,50,150,'2023-05-16'),(505,'CUST505','Male',24,'Beauty',1,50,50,'2023-01-20'),(506,'CUST506','Male',34,'Beauty',3,500,1500,'2023-02-25'),(507,'CUST507','Female',37,'Electronics',3,500,1500,'2023-11-02'),(508,'CUST508','Male',58,'Beauty',2,300,600,'2023-08-11'),(509,'CUST509','Female',37,'Electronics',3,300,900,'2023-06-26'),(510,'CUST510','Female',39,'Beauty',4,50,200,'2023-06-10'),(511,'CUST511','Male',45,'Beauty',2,50,100,'2023-08-12'),(512,'CUST512','Female',57,'Beauty',1,25,25,'2023-11-07'),(513,'CUST513','Male',24,'Electronics',4,25,100,'2023-09-19'),(514,'CUST514','Female',18,'Electronics',1,300,300,'2023-03-01'),(515,'CUST515','Female',49,'Clothing',3,300,900,'2023-07-17'),(516,'CUST516','Male',30,'Beauty',4,25,100,'2023-10-23'),(517,'CUST517','Female',47,'Clothing',4,25,100,'2023-04-08'),(518,'CUST518','Female',40,'Clothing',1,30,30,'2023-05-11'),(519,'CUST519','Female',36,'Electronics',4,30,120,'2023-01-23'),(520,'CUST520','Female',49,'Electronics',4,25,100,'2023-12-29'),(521,'CUST521','Female',47,'Clothing',4,30,120,'2023-08-12'),(522,'CUST522','Male',46,'Beauty',3,500,1500,'2023-01-01'),(523,'CUST523','Female',62,'Electronics',1,300,300,'2023-09-24'),(524,'CUST524','Male',46,'Beauty',4,300,1200,'2023-10-03'),(525,'CUST525','Female',47,'Beauty',2,25,50,'2023-12-18'),(526,'CUST526','Male',33,'Clothing',2,50,100,'2023-12-10'),(527,'CUST527','Male',57,'Clothing',2,25,50,'2023-04-11'),(528,'CUST528','Female',36,'Clothing',2,30,60,'2023-07-06'),(529,'CUST529','Female',35,'Clothing',3,50,150,'2023-08-09'),(530,'CUST530','Female',18,'Electronics',4,30,120,'2023-02-05'),(531,'CUST531','Male',31,'Electronics',1,500,500,'2023-12-07'),(532,'CUST532','Female',64,'Clothing',4,30,120,'2023-06-19'),(533,'CUST533','Male',19,'Electronics',3,500,1500,'2023-11-16'),(534,'CUST534','Male',45,'Clothing',2,500,1000,'2023-06-10'),(535,'CUST535','Male',47,'Beauty',3,30,90,'2023-12-06'),(536,'CUST536','Female',55,'Beauty',4,30,120,'2023-03-05'),(537,'CUST537','Female',21,'Beauty',1,500,500,'2023-06-03'),(538,'CUST538','Male',18,'Clothing',3,50,150,'2023-09-17'),(539,'CUST539','Male',25,'Beauty',1,500,500,'2023-06-08'),(540,'CUST540','Female',46,'Electronics',3,300,900,'2023-12-08'),(541,'CUST541','Male',56,'Beauty',1,500,500,'2023-07-29'),(542,'CUST542','Female',20,'Beauty',1,50,50,'2023-06-17'),(543,'CUST543','Male',49,'Beauty',2,300,600,'2023-07-26'),(544,'CUST544','Female',27,'Electronics',1,25,25,'2023-12-23'),(545,'CUST545','Male',27,'Clothing',2,25,50,'2023-06-01'),(546,'CUST546','Female',36,'Electronics',4,50,200,'2023-10-11'),(547,'CUST547','Male',63,'Clothing',4,500,2000,'2023-03-07'),(548,'CUST548','Female',51,'Clothing',2,30,60,'2023-04-09'),(549,'CUST549','Female',50,'Beauty',2,50,100,'2023-08-04'),(550,'CUST550','Male',40,'Clothing',3,300,900,'2023-12-07'),(551,'CUST551','Male',45,'Electronics',3,300,900,'2023-07-14'),(552,'CUST552','Female',49,'Electronics',3,25,75,'2023-12-13'),(553,'CUST553','Male',24,'Clothing',4,300,1200,'2023-03-31'),(554,'CUST554','Female',46,'Beauty',3,50,150,'2023-11-12'),(555,'CUST555','Male',25,'Beauty',1,300,300,'2023-10-19'),(556,'CUST556','Female',18,'Electronics',1,50,50,'2023-06-04'),(557,'CUST557','Female',20,'Beauty',3,30,90,'2023-07-27'),(558,'CUST558','Female',41,'Clothing',1,25,25,'2023-10-08'),(559,'CUST559','Female',40,'Clothing',4,300,1200,'2023-01-01'),(560,'CUST560','Female',25,'Electronics',1,50,50,'2023-06-05'),(561,'CUST561','Female',64,'Clothing',4,500,2000,'2023-05-27'),(562,'CUST562','Male',54,'Electronics',2,25,50,'2023-04-18'),(563,'CUST563','Male',20,'Clothing',2,30,60,'2023-08-09'),(564,'CUST564','Male',50,'Electronics',2,50,100,'2023-10-24'),(565,'CUST565','Female',45,'Beauty',2,30,60,'2023-11-07'),(566,'CUST566','Female',64,'Clothing',1,30,30,'2023-12-02'),(567,'CUST567','Female',25,'Clothing',3,300,900,'2023-06-14'),(568,'CUST568','Female',51,'Electronics',1,300,300,'2023-08-27'),(569,'CUST569','Male',52,'Electronics',4,50,200,'2023-08-15'),(570,'CUST570','Male',49,'Clothing',1,500,500,'2023-08-15'),(571,'CUST571','Female',41,'Electronics',1,50,50,'2023-12-12'),(572,'CUST572','Male',31,'Clothing',4,500,2000,'2023-04-20'),(573,'CUST573','Male',49,'Beauty',2,30,60,'2023-09-19'),(574,'CUST574','Female',63,'Electronics',2,25,50,'2023-08-31'),(575,'CUST575','Male',60,'Clothing',2,50,100,'2023-03-28'),(576,'CUST576','Female',33,'Beauty',3,50,150,'2023-12-04'),(577,'CUST577','Male',21,'Beauty',4,500,2000,'2023-02-13'),(578,'CUST578','Female',54,'Clothing',4,30,120,'2023-05-26'),(579,'CUST579','Female',38,'Electronics',1,30,30,'2023-09-21'),(580,'CUST580','Female',31,'Clothing',3,500,1500,'2023-12-06'),(581,'CUST581','Female',48,'Beauty',2,30,60,'2023-11-21'),(582,'CUST582','Male',35,'Clothing',3,300,900,'2023-11-14'),(583,'CUST583','Female',24,'Electronics',4,25,100,'2023-06-21'),(584,'CUST584','Female',27,'Beauty',4,50,200,'2023-02-17'),(585,'CUST585','Female',24,'Clothing',1,25,25,'2023-05-01'),(586,'CUST586','Male',50,'Electronics',1,50,50,'2023-12-11'),(587,'CUST587','Female',40,'Beauty',4,300,1200,'2023-06-08'),(588,'CUST588','Male',38,'Electronics',2,30,60,'2023-04-26'),(589,'CUST589','Female',36,'Beauty',2,500,1000,'2023-04-12'),(590,'CUST590','Male',36,'Clothing',3,300,900,'2023-03-17'),(591,'CUST591','Male',53,'Electronics',4,25,100,'2023-01-13'),(592,'CUST592','Female',46,'Beauty',4,500,2000,'2023-01-24'),(593,'CUST593','Male',35,'Electronics',2,30,60,'2023-05-06'),(594,'CUST594','Female',19,'Electronics',2,300,600,'2023-09-01'),(595,'CUST595','Female',18,'Clothing',4,500,2000,'2023-11-09'),(596,'CUST596','Female',64,'Electronics',1,300,300,'2023-02-07'),(597,'CUST597','Male',22,'Beauty',4,300,1200,'2023-08-22'),(598,'CUST598','Male',37,'Beauty',4,30,120,'2023-08-01'),(599,'CUST599','Female',28,'Beauty',2,50,100,'2023-11-19'),(600,'CUST600','Female',59,'Beauty',2,500,1000,'2023-10-22'),(601,'CUST601','Male',19,'Clothing',1,30,30,'2023-04-10'),(602,'CUST602','Female',20,'Electronics',1,300,300,'2023-12-23'),(603,'CUST603','Female',40,'Clothing',3,30,90,'2023-07-16'),(604,'CUST604','Female',29,'Electronics',4,50,200,'2023-09-11'),(605,'CUST605','Male',37,'Electronics',2,500,1000,'2023-07-24'),(606,'CUST606','Male',22,'Electronics',1,50,50,'2023-05-05'),(607,'CUST607','Male',54,'Clothing',3,25,75,'2023-03-17'),(608,'CUST608','Female',55,'Electronics',3,500,1500,'2023-12-02'),(609,'CUST609','Female',47,'Clothing',2,50,100,'2023-12-19'),(610,'CUST610','Female',26,'Beauty',2,300,600,'2023-01-03'),(611,'CUST611','Male',51,'Beauty',3,500,1500,'2023-02-24'),(612,'CUST612','Female',61,'Electronics',1,500,500,'2023-08-06'),(613,'CUST613','Female',52,'Clothing',3,30,90,'2023-04-23'),(614,'CUST614','Female',39,'Beauty',4,300,1200,'2023-04-01'),(615,'CUST615','Female',61,'Clothing',4,25,100,'2023-12-23'),(616,'CUST616','Male',41,'Clothing',2,50,100,'2023-09-23'),(617,'CUST617','Male',34,'Electronics',1,30,30,'2023-08-26'),(618,'CUST618','Female',27,'Beauty',1,50,50,'2023-01-26'),(619,'CUST619','Male',47,'Electronics',4,25,100,'2023-10-13'),(620,'CUST620','Male',63,'Electronics',3,25,75,'2023-05-08'),(621,'CUST621','Female',40,'Beauty',2,500,1000,'2023-03-04'),(622,'CUST622','Female',49,'Beauty',3,25,75,'2023-08-22'),(623,'CUST623','Male',34,'Clothing',3,50,150,'2023-03-10'),(624,'CUST624','Female',34,'Beauty',3,300,900,'2023-08-26'),(625,'CUST625','Male',31,'Clothing',1,300,300,'2023-12-08'),(626,'CUST626','Female',26,'Clothing',4,500,2000,'2023-09-29'),(627,'CUST627','Male',57,'Clothing',1,50,50,'2023-10-14'),(628,'CUST628','Female',19,'Beauty',4,50,200,'2023-11-01'),(629,'CUST629','Male',62,'Electronics',2,25,50,'2023-06-12'),(630,'CUST630','Male',42,'Clothing',2,50,100,'2023-08-15'),(631,'CUST631','Male',56,'Electronics',3,30,90,'2023-11-10'),(632,'CUST632','Female',26,'Electronics',4,25,100,'2023-09-16'),(633,'CUST633','Male',39,'Beauty',4,30,120,'2023-08-07'),(634,'CUST634','Male',60,'Electronics',4,500,2000,'2023-10-08'),(635,'CUST635','Female',63,'Electronics',3,300,900,'2023-08-17'),(636,'CUST636','Female',21,'Beauty',3,500,1500,'2023-03-23'),(637,'CUST637','Male',43,'Clothing',2,300,600,'2023-09-01'),(638,'CUST638','Male',46,'Electronics',1,500,500,'2023-08-19'),(639,'CUST639','Female',62,'Beauty',4,50,200,'2023-05-13'),(640,'CUST640','Female',51,'Electronics',4,30,120,'2023-05-07'),(641,'CUST641','Female',40,'Electronics',1,300,300,'2023-11-23'),(642,'CUST642','Female',54,'Clothing',4,25,100,'2023-05-22'),(643,'CUST643','Female',28,'Electronics',3,30,90,'2023-09-24'),(644,'CUST644','Male',23,'Beauty',3,25,75,'2023-09-06'),(645,'CUST645','Female',35,'Electronics',4,30,120,'2023-11-17'),(646,'CUST646','Male',38,'Clothing',3,30,90,'2023-05-03'),(647,'CUST647','Male',59,'Clothing',3,500,1500,'2023-05-21'),(648,'CUST648','Male',53,'Beauty',4,300,1200,'2023-08-14'),(649,'CUST649','Female',58,'Clothing',2,300,600,'2023-02-09'),(650,'CUST650','Male',55,'Electronics',1,30,30,'2024-01-01'),(651,'CUST651','Male',51,'Clothing',3,50,150,'2023-05-27'),(652,'CUST652','Female',34,'Beauty',2,50,100,'2023-05-01'),(653,'CUST653','Male',54,'Clothing',3,25,75,'2023-05-20'),(654,'CUST654','Male',42,'Clothing',3,25,75,'2023-06-21'),(655,'CUST655','Female',55,'Clothing',1,500,500,'2023-06-13'),(656,'CUST656','Male',29,'Beauty',3,30,90,'2023-10-04'),(657,'CUST657','Male',40,'Clothing',1,25,25,'2023-02-11'),(658,'CUST658','Male',59,'Clothing',1,25,25,'2023-03-12'),(659,'CUST659','Female',39,'Electronics',1,30,30,'2023-03-19'),(660,'CUST660','Female',38,'Beauty',2,500,1000,'2023-04-29'),(661,'CUST661','Female',44,'Clothing',4,25,100,'2023-07-16'),(662,'CUST662','Male',48,'Beauty',2,500,1000,'2023-12-22'),(663,'CUST663','Male',23,'Clothing',4,300,1200,'2023-03-20'),(664,'CUST664','Female',44,'Clothing',4,500,2000,'2023-12-28'),(665,'CUST665','Male',57,'Clothing',1,50,50,'2023-04-20'),(666,'CUST666','Male',51,'Electronics',3,50,150,'2023-02-02'),(667,'CUST667','Female',29,'Electronics',1,500,500,'2023-08-01'),(668,'CUST668','Female',62,'Electronics',3,50,150,'2023-07-28'),(669,'CUST669','Male',24,'Beauty',4,300,1200,'2023-06-19'),(670,'CUST670','Male',27,'Beauty',1,30,30,'2023-10-05'),(671,'CUST671','Male',62,'Electronics',3,50,150,'2023-08-27'),(672,'CUST672','Female',34,'Beauty',2,50,100,'2023-08-01'),(673,'CUST673','Female',43,'Clothing',3,500,1500,'2023-02-01'),(674,'CUST674','Female',38,'Clothing',1,300,300,'2023-04-16'),(675,'CUST675','Female',45,'Clothing',2,30,60,'2023-08-04'),(676,'CUST676','Male',63,'Electronics',3,500,1500,'2023-07-19'),(677,'CUST677','Female',19,'Beauty',3,500,1500,'2023-10-27'),(678,'CUST678','Female',60,'Electronics',3,300,900,'2023-12-23'),(679,'CUST679','Female',18,'Beauty',3,30,90,'2023-01-11'),(680,'CUST680','Female',53,'Clothing',3,300,900,'2023-10-22'),(681,'CUST681','Female',43,'Electronics',2,30,60,'2023-07-14'),(682,'CUST682','Male',46,'Beauty',4,300,1200,'2023-09-02'),(683,'CUST683','Male',38,'Beauty',2,500,1000,'2023-01-04'),(684,'CUST684','Female',28,'Clothing',2,500,1000,'2023-06-30'),(685,'CUST685','Male',57,'Electronics',2,25,50,'2023-06-02'),(686,'CUST686','Female',28,'Electronics',4,50,200,'2023-07-19'),(687,'CUST687','Female',53,'Electronics',1,300,300,'2023-08-03'),(688,'CUST688','Male',56,'Clothing',4,25,100,'2023-10-03'),(689,'CUST689','Male',57,'Electronics',2,50,100,'2023-10-07'),(690,'CUST690','Female',52,'Clothing',3,300,900,'2023-11-05'),(691,'CUST691','Female',51,'Clothing',3,30,90,'2023-04-23'),(692,'CUST692','Female',64,'Clothing',2,50,100,'2023-09-07'),(693,'CUST693','Male',41,'Beauty',3,500,1500,'2023-04-23'),(694,'CUST694','Female',39,'Electronics',2,25,50,'2023-05-20'),(695,'CUST695','Female',22,'Electronics',3,50,150,'2023-08-12'),(696,'CUST696','Female',50,'Clothing',4,50,200,'2023-09-06'),(697,'CUST697','Male',53,'Clothing',1,500,500,'2023-01-15'),(698,'CUST698','Female',64,'Electronics',1,300,300,'2023-07-19'),(699,'CUST699','Female',37,'Clothing',4,30,120,'2023-06-22'),(700,'CUST700','Male',36,'Electronics',4,500,2000,'2023-12-09'),(701,'CUST701','Female',52,'Beauty',2,30,60,'2023-12-14'),(702,'CUST702','Female',60,'Clothing',2,300,600,'2023-07-27'),(703,'CUST703','Male',34,'Electronics',2,50,100,'2023-03-26'),(704,'CUST704','Female',62,'Clothing',3,30,90,'2023-08-28'),(705,'CUST705','Male',60,'Electronics',2,25,50,'2023-03-07'),(706,'CUST706','Male',51,'Electronics',4,25,100,'2023-11-15'),(707,'CUST707','Female',26,'Clothing',1,500,500,'2023-10-01'),(708,'CUST708','Female',43,'Beauty',3,300,900,'2023-01-14'),(709,'CUST709','Female',19,'Electronics',2,500,1000,'2023-07-21'),(710,'CUST710','Female',26,'Electronics',3,500,1500,'2023-10-31'),(711,'CUST711','Male',26,'Electronics',3,500,1500,'2023-10-16'),(712,'CUST712','Female',57,'Beauty',2,25,50,'2023-12-06'),(713,'CUST713','Male',34,'Beauty',3,25,75,'2023-01-14'),(714,'CUST714','Female',18,'Clothing',1,500,500,'2023-02-12'),(715,'CUST715','Female',42,'Beauty',4,25,100,'2023-11-26'),(716,'CUST716','Female',60,'Clothing',4,300,1200,'2023-08-08'),(717,'CUST717','Male',57,'Clothing',1,500,500,'2023-03-11'),(718,'CUST718','Female',59,'Beauty',3,25,75,'2023-08-25'),(719,'CUST719','Female',42,'Clothing',2,30,60,'2023-04-04'),(720,'CUST720','Female',56,'Beauty',3,500,1500,'2023-01-26'),(721,'CUST721','Female',52,'Clothing',1,500,500,'2023-05-14'),(722,'CUST722','Male',20,'Beauty',3,300,900,'2023-07-14'),(723,'CUST723','Female',54,'Beauty',4,50,200,'2023-06-17'),(724,'CUST724','Male',61,'Clothing',3,50,150,'2023-04-19'),(725,'CUST725','Male',61,'Electronics',1,300,300,'2023-08-21'),(726,'CUST726','Male',47,'Clothing',4,300,1200,'2023-06-17'),(727,'CUST727','Male',55,'Beauty',3,300,900,'2023-06-22'),(728,'CUST728','Male',51,'Electronics',3,50,150,'2023-07-14'),(729,'CUST729','Male',29,'Clothing',4,300,1200,'2023-05-23'),(730,'CUST730','Female',36,'Clothing',2,25,50,'2023-08-04'),(731,'CUST731','Male',54,'Clothing',4,500,2000,'2023-05-10'),(732,'CUST732','Male',61,'Electronics',2,500,1000,'2023-02-11'),(733,'CUST733','Male',34,'Beauty',1,30,30,'2023-08-29'),(734,'CUST734','Female',27,'Clothing',1,30,30,'2023-01-10'),(735,'CUST735','Female',64,'Clothing',4,500,2000,'2023-10-04'),(736,'CUST736','Male',29,'Clothing',4,25,100,'2023-01-27'),(737,'CUST737','Female',33,'Clothing',1,50,50,'2023-06-29'),(738,'CUST738','Male',41,'Clothing',2,50,100,'2023-04-25'),(739,'CUST739','Male',36,'Beauty',1,25,25,'2023-11-29'),(740,'CUST740','Female',25,'Beauty',4,50,200,'2023-02-05'),(741,'CUST741','Male',48,'Clothing',1,300,300,'2023-11-30'),(742,'CUST742','Female',38,'Electronics',4,500,2000,'2023-01-21'),(743,'CUST743','Female',34,'Beauty',4,500,2000,'2023-01-16'),(744,'CUST744','Male',40,'Electronics',1,25,25,'2023-05-07'),(745,'CUST745','Male',54,'Beauty',2,50,100,'2023-04-13'),(746,'CUST746','Female',33,'Clothing',3,30,90,'2023-01-11'),(747,'CUST747','Male',23,'Beauty',1,30,30,'2023-11-15'),(748,'CUST748','Male',25,'Clothing',3,50,150,'2023-03-20'),(749,'CUST749','Male',42,'Beauty',1,30,30,'2023-05-03'),(750,'CUST750','Female',35,'Clothing',3,25,75,'2023-03-06'),(751,'CUST751','Female',42,'Clothing',2,25,50,'2023-08-31'),(752,'CUST752','Male',29,'Clothing',2,50,100,'2023-12-09'),(753,'CUST753','Female',32,'Clothing',1,30,30,'2023-02-28'),(754,'CUST754','Female',43,'Electronics',4,25,100,'2023-10-16'),(755,'CUST755','Female',58,'Clothing',3,25,75,'2023-04-22'),(756,'CUST756','Female',62,'Electronics',4,300,1200,'2023-08-27'),(757,'CUST757','Female',43,'Electronics',4,300,1200,'2023-12-25'),(758,'CUST758','Male',64,'Clothing',4,25,100,'2023-05-12'),(759,'CUST759','Male',49,'Electronics',2,50,100,'2023-07-08'),(760,'CUST760','Male',27,'Beauty',1,500,500,'2023-03-27'),(761,'CUST761','Female',33,'Clothing',1,500,500,'2023-11-07'),(762,'CUST762','Female',24,'Electronics',2,25,50,'2023-11-07'),(763,'CUST763','Male',34,'Clothing',2,25,50,'2023-02-28'),(764,'CUST764','Female',40,'Clothing',1,25,25,'2023-03-25'),(765,'CUST765','Male',43,'Clothing',4,50,200,'2023-06-09'),(766,'CUST766','Male',38,'Electronics',3,300,900,'2023-02-25'),(767,'CUST767','Male',39,'Beauty',3,25,75,'2023-10-24'),(768,'CUST768','Female',24,'Beauty',3,25,75,'2023-01-14'),(769,'CUST769','Female',31,'Electronics',4,30,120,'2023-06-09'),(770,'CUST770','Male',32,'Clothing',1,50,50,'2023-10-22'),(771,'CUST771','Male',24,'Electronics',2,25,50,'2023-12-13'),(772,'CUST772','Male',26,'Electronics',1,30,30,'2023-07-12'),(773,'CUST773','Male',25,'Electronics',4,500,2000,'2023-07-23'),(774,'CUST774','Female',40,'Clothing',2,25,50,'2023-04-12'),(775,'CUST775','Female',46,'Electronics',4,25,100,'2023-02-08'),(776,'CUST776','Male',35,'Clothing',3,30,90,'2023-10-31'),(777,'CUST777','Male',48,'Electronics',3,50,150,'2023-12-20'),(778,'CUST778','Female',47,'Beauty',4,25,100,'2023-11-18'),(779,'CUST779','Female',56,'Electronics',2,500,1000,'2023-05-05'),(780,'CUST780','Male',52,'Electronics',2,25,50,'2023-02-22'),(781,'CUST781','Male',35,'Beauty',1,500,500,'2023-12-23'),(782,'CUST782','Male',59,'Clothing',3,300,900,'2023-06-04'),(783,'CUST783','Female',56,'Clothing',1,300,300,'2023-12-17'),(784,'CUST784','Female',34,'Electronics',1,500,500,'2023-11-04'),(785,'CUST785','Female',31,'Beauty',4,50,200,'2023-03-03'),(786,'CUST786','Male',48,'Clothing',4,25,100,'2023-10-17'),(787,'CUST787','Male',41,'Electronics',1,25,25,'2023-01-22'),(788,'CUST788','Female',52,'Beauty',3,300,900,'2023-06-27'),(789,'CUST789','Female',61,'Clothing',4,500,2000,'2023-09-30'),(790,'CUST790','Male',62,'Clothing',1,25,25,'2023-08-08'),(791,'CUST791','Female',51,'Beauty',1,25,25,'2023-12-05'),(792,'CUST792','Female',20,'Beauty',1,50,50,'2023-07-09'),(793,'CUST793','Male',54,'Beauty',1,30,30,'2023-02-05'),(794,'CUST794','Female',60,'Beauty',1,300,300,'2023-09-17'),(795,'CUST795','Male',57,'Electronics',1,300,300,'2023-11-28'),(796,'CUST796','Male',43,'Beauty',4,30,120,'2023-06-24'),(797,'CUST797','Male',40,'Clothing',3,25,75,'2023-01-07'),(798,'CUST798','Male',61,'Clothing',1,50,50,'2023-08-04'),(799,'CUST799','Male',56,'Electronics',2,50,100,'2023-09-08'),(800,'CUST800','Male',32,'Clothing',4,300,1200,'2023-02-24'),(801,'CUST801','Male',21,'Clothing',4,50,200,'2023-08-10'),(802,'CUST802','Female',46,'Beauty',1,30,30,'2023-07-05'),(803,'CUST803','Male',39,'Clothing',4,25,100,'2023-11-22'),(804,'CUST804','Male',42,'Electronics',1,30,30,'2023-08-24'),(805,'CUST805','Female',30,'Beauty',3,500,1500,'2023-12-29'),(806,'CUST806','Female',35,'Beauty',3,300,900,'2023-03-20'),(807,'CUST807','Female',50,'Electronics',4,50,200,'2023-08-11'),(808,'CUST808','Male',33,'Beauty',4,500,2000,'2023-04-01'),(809,'CUST809','Female',62,'Beauty',2,50,100,'2023-09-25'),(810,'CUST810','Male',59,'Electronics',4,25,100,'2023-11-30'),(811,'CUST811','Male',61,'Beauty',2,25,50,'2023-05-19'),(812,'CUST812','Male',19,'Electronics',3,25,75,'2023-11-12'),(813,'CUST813','Male',52,'Electronics',3,50,150,'2023-10-03'),(814,'CUST814','Female',59,'Clothing',1,500,500,'2023-09-05'),(815,'CUST815','Female',51,'Clothing',3,25,75,'2023-08-27'),(816,'CUST816','Male',47,'Beauty',2,500,1000,'2023-08-12'),(817,'CUST817','Male',30,'Beauty',4,50,200,'2023-10-31'),(818,'CUST818','Male',30,'Electronics',1,500,500,'2023-05-18'),(819,'CUST819','Female',35,'Beauty',2,50,100,'2023-06-15'),(820,'CUST820','Male',49,'Electronics',4,50,200,'2023-05-06'),(821,'CUST821','Male',49,'Electronics',1,300,300,'2023-02-14'),(822,'CUST822','Female',52,'Beauty',3,50,150,'2023-05-23'),(823,'CUST823','Female',56,'Electronics',2,50,100,'2023-08-19'),(824,'CUST824','Male',63,'Clothing',4,30,120,'2023-05-05'),(825,'CUST825','Female',46,'Beauty',1,25,25,'2023-08-26'),(826,'CUST826','Female',46,'Clothing',1,300,300,'2023-10-19'),(827,'CUST827','Male',61,'Beauty',3,300,900,'2023-11-09'),(828,'CUST828','Female',33,'Electronics',4,300,1200,'2023-12-09'),(829,'CUST829','Male',61,'Beauty',3,30,90,'2023-07-14'),(830,'CUST830','Female',64,'Clothing',3,50,150,'2023-06-22'),(831,'CUST831','Male',27,'Electronics',4,25,100,'2023-01-15'),(832,'CUST832','Male',47,'Beauty',4,500,2000,'2023-09-11'),(833,'CUST833','Male',42,'Beauty',4,50,200,'2023-06-16'),(834,'CUST834','Female',56,'Beauty',2,30,60,'2023-04-04'),(835,'CUST835','Male',37,'Clothing',4,50,200,'2023-09-07'),(836,'CUST836','Female',22,'Clothing',1,50,50,'2023-04-19'),(837,'CUST837','Male',18,'Beauty',3,30,90,'2023-07-01'),(838,'CUST838','Male',47,'Electronics',2,300,600,'2023-05-13'),(839,'CUST839','Female',20,'Electronics',4,300,1200,'2023-06-24'),(840,'CUST840','Male',62,'Clothing',2,25,50,'2023-05-24'),(841,'CUST841','Male',31,'Electronics',4,25,100,'2023-11-02'),(842,'CUST842','Female',47,'Clothing',2,300,600,'2023-12-26'),(843,'CUST843','Male',21,'Beauty',3,500,1500,'2023-05-22'),(844,'CUST844','Male',35,'Clothing',3,50,150,'2023-10-12'),(845,'CUST845','Male',54,'Clothing',1,500,500,'2023-01-06'),(846,'CUST846','Male',42,'Beauty',1,50,50,'2023-09-22'),(847,'CUST847','Female',18,'Electronics',4,300,1200,'2023-04-08'),(848,'CUST848','Female',63,'Clothing',3,25,75,'2023-02-13'),(849,'CUST849','Male',32,'Clothing',2,25,50,'2023-05-04'),(850,'CUST850','Female',26,'Beauty',2,500,1000,'2023-07-28'),(851,'CUST851','Male',32,'Electronics',2,25,50,'2023-09-08'),(852,'CUST852','Female',41,'Clothing',1,300,300,'2023-10-12'),(853,'CUST853','Male',21,'Beauty',2,500,1000,'2023-05-04'),(854,'CUST854','Male',29,'Clothing',1,50,50,'2023-12-20'),(855,'CUST855','Male',54,'Beauty',1,25,25,'2023-09-01'),(856,'CUST856','Male',54,'Electronics',4,30,120,'2023-11-27'),(857,'CUST857','Male',60,'Electronics',2,25,50,'2023-12-31'),(858,'CUST858','Male',23,'Electronics',2,50,100,'2023-09-09'),(859,'CUST859','Female',56,'Electronics',3,500,1500,'2023-08-18'),(860,'CUST860','Male',63,'Clothing',4,50,200,'2023-01-09'),(861,'CUST861','Female',41,'Clothing',3,30,90,'2023-02-17'),(862,'CUST862','Male',28,'Electronics',4,300,1200,'2023-05-31'),(863,'CUST863','Female',30,'Electronics',2,25,50,'2023-04-24'),(864,'CUST864','Female',51,'Electronics',1,500,500,'2023-07-27'),(865,'CUST865','Female',42,'Clothing',1,300,300,'2023-12-21'),(866,'CUST866','Male',24,'Electronics',1,50,50,'2023-05-05'),(867,'CUST867','Male',21,'Electronics',1,500,500,'2023-06-06'),(868,'CUST868','Female',25,'Electronics',1,300,300,'2023-12-06'),(869,'CUST869','Male',37,'Beauty',3,500,1500,'2023-10-25'),(870,'CUST870','Female',46,'Electronics',4,30,120,'2023-07-08'),(871,'CUST871','Male',62,'Beauty',2,30,60,'2023-08-31'),(872,'CUST872','Female',63,'Beauty',3,25,75,'2023-10-11'),(873,'CUST873','Female',27,'Electronics',4,25,100,'2023-09-29'),(874,'CUST874','Male',60,'Beauty',1,30,30,'2023-06-26'),(875,'CUST875','Female',51,'Electronics',4,500,2000,'2023-08-06'),(876,'CUST876','Male',43,'Clothing',4,30,120,'2023-10-09'),(877,'CUST877','Female',58,'Clothing',1,25,25,'2023-06-19'),(878,'CUST878','Female',20,'Clothing',1,30,30,'2023-06-30'),(879,'CUST879','Male',23,'Clothing',1,30,30,'2023-12-26'),(880,'CUST880','Male',22,'Beauty',2,500,1000,'2023-08-21'),(881,'CUST881','Male',22,'Electronics',1,300,300,'2023-05-19'),(882,'CUST882','Female',64,'Electronics',2,25,50,'2023-06-06'),(883,'CUST883','Male',40,'Electronics',1,500,500,'2023-05-09'),(884,'CUST884','Female',26,'Clothing',2,30,60,'2023-04-29'),(885,'CUST885','Female',52,'Clothing',4,30,120,'2023-03-03'),(886,'CUST886','Male',37,'Electronics',3,300,900,'2023-04-09'),(887,'CUST887','Male',59,'Clothing',4,25,100,'2023-06-11'),(888,'CUST888','Female',52,'Electronics',4,25,100,'2023-03-03'),(889,'CUST889','Female',35,'Electronics',1,50,50,'2023-10-02'),(890,'CUST890','Male',34,'Electronics',2,25,50,'2023-12-20'),(891,'CUST891','Male',41,'Electronics',3,300,900,'2023-04-05'),(892,'CUST892','Male',20,'Electronics',1,50,50,'2023-04-09'),(893,'CUST893','Male',49,'Electronics',1,50,50,'2023-04-21'),(894,'CUST894','Male',52,'Electronics',1,30,30,'2023-09-05'),(895,'CUST895','Female',55,'Clothing',4,30,120,'2023-05-22'),(896,'CUST896','Female',30,'Electronics',2,25,50,'2023-10-29'),(897,'CUST897','Female',64,'Electronics',2,50,100,'2023-09-26'),(898,'CUST898','Female',42,'Clothing',3,30,90,'2023-11-02'),(899,'CUST899','Male',26,'Clothing',2,300,600,'2023-05-25'),(900,'CUST900','Male',21,'Clothing',2,30,60,'2023-02-21'),(901,'CUST901','Male',31,'Electronics',1,30,30,'2023-04-10'),(902,'CUST902','Female',54,'Beauty',1,50,50,'2023-06-01'),(903,'CUST903','Female',51,'Beauty',4,50,200,'2023-04-27'),(904,'CUST904','Male',28,'Clothing',1,500,500,'2023-07-04'),(905,'CUST905','Male',58,'Beauty',1,300,300,'2023-04-02'),(906,'CUST906','Female',20,'Clothing',1,50,50,'2023-06-04'),(907,'CUST907','Female',45,'Electronics',1,25,25,'2023-01-08'),(908,'CUST908','Male',46,'Beauty',4,300,1200,'2023-12-29'),(909,'CUST909','Male',26,'Electronics',1,300,300,'2023-10-01'),(910,'CUST910','Female',20,'Beauty',3,50,150,'2023-03-06'),(911,'CUST911','Male',42,'Electronics',3,300,900,'2023-05-21'),(912,'CUST912','Male',51,'Beauty',3,50,150,'2023-01-24'),(913,'CUST913','Male',29,'Electronics',3,30,90,'2023-01-28'),(914,'CUST914','Female',59,'Electronics',1,500,500,'2023-10-11'),(915,'CUST915','Female',26,'Beauty',3,30,90,'2023-05-30'),(916,'CUST916','Female',32,'Electronics',1,50,50,'2023-12-24'),(917,'CUST917','Female',57,'Electronics',4,50,200,'2023-03-06'),(918,'CUST918','Female',42,'Electronics',3,30,90,'2023-11-23'),(919,'CUST919','Female',22,'Beauty',2,25,50,'2023-09-09'),(920,'CUST920','Female',28,'Beauty',3,25,75,'2023-02-22'),(921,'CUST921','Male',51,'Electronics',3,25,75,'2023-01-07'),(922,'CUST922','Male',41,'Electronics',1,50,50,'2023-10-21'),(923,'CUST923','Male',32,'Beauty',3,300,900,'2023-05-26'),(924,'CUST924','Male',55,'Beauty',2,50,100,'2023-08-29'),(925,'CUST925','Male',25,'Electronics',1,300,300,'2023-09-03'),(926,'CUST926','Male',22,'Electronics',1,30,30,'2023-08-14'),(927,'CUST927','Male',43,'Electronics',4,500,2000,'2023-06-24'),(928,'CUST928','Female',35,'Clothing',4,300,1200,'2023-04-05'),(929,'CUST929','Female',23,'Beauty',3,25,75,'2023-01-27'),(930,'CUST930','Male',54,'Clothing',4,50,200,'2023-05-10'),(931,'CUST931','Male',30,'Beauty',4,30,120,'2023-09-02'),(932,'CUST932','Female',45,'Beauty',4,25,100,'2023-02-28'),(933,'CUST933','Male',22,'Beauty',1,30,30,'2023-02-03'),(934,'CUST934','Male',30,'Beauty',1,500,500,'2023-07-25'),(935,'CUST935','Female',34,'Beauty',1,50,50,'2023-09-09'),(936,'CUST936','Male',57,'Beauty',4,50,200,'2023-02-07'),(937,'CUST937','Female',62,'Beauty',1,500,500,'2023-10-23'),(938,'CUST938','Male',49,'Clothing',4,50,200,'2023-11-19'),(939,'CUST939','Female',46,'Electronics',1,300,300,'2023-12-18'),(940,'CUST940','Female',20,'Electronics',1,30,30,'2023-01-28'),(941,'CUST941','Female',57,'Clothing',2,25,50,'2023-03-19'),(942,'CUST942','Male',51,'Clothing',3,500,1500,'2023-03-18'),(943,'CUST943','Female',57,'Clothing',4,300,1200,'2023-10-16'),(944,'CUST944','Male',44,'Clothing',2,25,50,'2023-06-05'),(945,'CUST945','Male',30,'Beauty',1,25,25,'2023-02-13'),(946,'CUST946','Male',62,'Electronics',4,500,2000,'2023-05-08'),(947,'CUST947','Male',50,'Beauty',1,300,300,'2023-03-02'),(948,'CUST948','Female',23,'Electronics',3,25,75,'2023-10-13'),(949,'CUST949','Female',41,'Electronics',2,25,50,'2023-08-02'),(950,'CUST950','Male',36,'Clothing',3,300,900,'2023-11-07'),(951,'CUST951','Male',33,'Beauty',2,50,100,'2023-11-02'),(952,'CUST952','Female',57,'Clothing',1,25,25,'2023-11-13'),(953,'CUST953','Male',45,'Beauty',3,30,90,'2023-04-26'),(954,'CUST954','Female',50,'Electronics',3,300,900,'2023-09-25'),(955,'CUST955','Male',58,'Clothing',1,25,25,'2023-07-14'),(956,'CUST956','Male',30,'Clothing',3,500,1500,'2023-08-19'),(957,'CUST957','Female',60,'Electronics',4,30,120,'2023-08-15'),(958,'CUST958','Male',62,'Electronics',2,25,50,'2023-06-02'),(959,'CUST959','Female',42,'Electronics',2,30,60,'2023-10-29'),(960,'CUST960','Male',59,'Clothing',2,30,60,'2023-08-08'),(961,'CUST961','Male',53,'Beauty',4,50,200,'2023-06-06'),(962,'CUST962','Male',44,'Clothing',2,30,60,'2023-10-19'),(963,'CUST963','Female',55,'Beauty',1,50,50,'2023-11-14'),(964,'CUST964','Male',24,'Clothing',3,300,900,'2023-01-31'),(965,'CUST965','Male',22,'Clothing',4,50,200,'2023-11-09'),(966,'CUST966','Male',60,'Electronics',2,500,1000,'2023-02-20'),(967,'CUST967','Male',62,'Beauty',1,25,25,'2023-04-17'),(968,'CUST968','Female',48,'Clothing',3,300,900,'2023-11-17'),(969,'CUST969','Female',40,'Clothing',3,300,900,'2023-04-19'),(970,'CUST970','Male',59,'Electronics',4,500,2000,'2023-05-16'),(971,'CUST971','Female',27,'Electronics',4,50,200,'2023-12-05'),(972,'CUST972','Male',49,'Beauty',4,25,100,'2023-02-11'),(973,'CUST973','Male',60,'Clothing',1,50,50,'2023-03-22'),(974,'CUST974','Male',47,'Beauty',1,30,30,'2023-05-03'),(975,'CUST975','Female',56,'Clothing',4,50,200,'2023-03-30'),(976,'CUST976','Female',48,'Beauty',2,300,600,'2023-10-10'),(977,'CUST977','Female',35,'Electronics',3,25,75,'2023-02-08'),(978,'CUST978','Female',53,'Clothing',3,50,150,'2023-03-22'),(979,'CUST979','Female',19,'Beauty',1,25,25,'2023-01-02'),(980,'CUST980','Female',31,'Electronics',3,25,75,'2023-07-29'),(981,'CUST981','Female',30,'Electronics',2,30,60,'2023-08-19'),(982,'CUST982','Female',46,'Beauty',3,30,90,'2023-12-19'),(983,'CUST983','Female',29,'Clothing',1,300,300,'2023-11-01'),(984,'CUST984','Male',56,'Clothing',1,500,500,'2023-08-29'),(985,'CUST985','Female',19,'Electronics',2,25,50,'2023-05-30'),(986,'CUST986','Female',49,'Clothing',2,500,1000,'2023-01-17'),(987,'CUST987','Female',30,'Clothing',3,300,900,'2023-04-29'),(988,'CUST988','Female',63,'Clothing',3,25,75,'2023-05-28'),(989,'CUST989','Female',44,'Electronics',1,25,25,'2023-12-28'),(990,'CUST990','Female',58,'Beauty',2,500,1000,'2023-05-25'),(991,'CUST991','Female',34,'Clothing',2,50,100,'2023-12-26'),(992,'CUST992','Female',57,'Electronics',2,30,60,'2023-08-21'),(993,'CUST993','Female',48,'Electronics',3,50,150,'2023-02-06'),(994,'CUST994','Female',51,'Beauty',2,500,1000,'2023-12-18'),(995,'CUST995','Female',41,'Clothing',1,30,30,'2023-04-30'),(996,'CUST996','Male',62,'Clothing',1,50,50,'2023-05-16'),(997,'CUST997','Male',52,'Beauty',3,30,90,'2023-11-17'),(998,'CUST998','Female',23,'Beauty',4,25,100,'2023-10-29'),(999,'CUST999','Female',36,'Electronics',3,50,150,'2023-12-05'),(1000,'CUST1000','Male',47,'Electronics',4,30,120,'2023-04-12');
/*!40000 ALTER TABLE `retail_sales_dataset` ENABLE KEYS */;
UNLOCK TABLES;

--
-- Table structure for table `revenue`
--

DROP TABLE IF EXISTS `revenue`;
/*!40101 SET @saved_cs_client     = @@character_set_client */;
/*!50503 SET character_set_client = utf8mb4 */;
CREATE TABLE `revenue` (
  `ProductCategory` text,
  `revenue` decimal(32,0) DEFAULT NULL
) ENGINE=InnoDB DEFAULT CHARSET=utf8mb4 COLLATE=utf8mb4_0900_ai_ci;
/*!40101 SET character_set_client = @saved_cs_client */;

--
-- Dumping data for table `revenue`
--

LOCK TABLES `revenue` WRITE;
/*!40000 ALTER TABLE `revenue` DISABLE KEYS */;
INSERT INTO `revenue` VALUES ('Electronics',156905),('Clothing',155580),('Beauty',143515);
/*!40000 ALTER TABLE `revenue` ENABLE KEYS */;
UNLOCK TABLES;

--
-- Table structure for table `sales_record`
--

DROP TABLE IF EXISTS `sales_record`;
/*!40101 SET @saved_cs_client     = @@character_set_client */;
/*!50503 SET character_set_client = utf8mb4 */;
CREATE TABLE `sales_record` (
  `Employee_id` int DEFAULT NULL
) ENGINE=InnoDB DEFAULT CHARSET=utf8mb4 COLLATE=utf8mb4_0900_ai_ci;
/*!40101 SET character_set_client = @saved_cs_client */;

--
-- Dumping data for table `sales_record`
--

LOCK TABLES `sales_record` WRITE;
/*!40000 ALTER TABLE `sales_record` DISABLE KEYS */;
/*!40000 ALTER TABLE `sales_record` ENABLE KEYS */;
UNLOCK TABLES;

--
-- Table structure for table `totalquantity`
--

DROP TABLE IF EXISTS `totalquantity`;
/*!40101 SET @saved_cs_client     = @@character_set_client */;
/*!50503 SET character_set_client = utf8mb4 */;
CREATE TABLE `totalquantity` (
  `ProductCategory` text,
  `total_quantity` decimal(32,0) DEFAULT NULL
) ENGINE=InnoDB DEFAULT CHARSET=utf8mb4 COLLATE=utf8mb4_0900_ai_ci;
/*!40101 SET character_set_client = @saved_cs_client */;

--
-- Dumping data for table `totalquantity`
--

LOCK TABLES `totalquantity` WRITE;
/*!40000 ALTER TABLE `totalquantity` DISABLE KEYS */;
INSERT INTO `totalquantity` VALUES ('Clothing',894),('Electronics',849),('Beauty',771);
/*!40000 ALTER TABLE `totalquantity` ENABLE KEYS */;
UNLOCK TABLES;

--
-- Table structure for table `totalrevenue`
--

DROP TABLE IF EXISTS `totalrevenue`;
/*!40101 SET @saved_cs_client     = @@character_set_client */;
/*!50503 SET character_set_client = utf8mb4 */;
CREATE TABLE `totalrevenue` (
  `total_revenue` decimal(32,0) DEFAULT NULL
) ENGINE=InnoDB DEFAULT CHARSET=utf8mb4 COLLATE=utf8mb4_0900_ai_ci;
/*!40101 SET character_set_client = @saved_cs_client */;

--
-- Dumping data for table `totalrevenue`
--

LOCK TABLES `totalrevenue` WRITE;
/*!40000 ALTER TABLE `totalrevenue` DISABLE KEYS */;
INSERT INTO `totalrevenue` VALUES (456000);
/*!40000 ALTER TABLE `totalrevenue` ENABLE KEYS */;
UNLOCK TABLES;

--
-- Table structure for table `totalsales`
--

DROP TABLE IF EXISTS `totalsales`;
/*!40101 SET @saved_cs_client     = @@character_set_client */;
/*!50503 SET character_set_client = utf8mb4 */;
CREATE TABLE `totalsales` (
  `total_sales` bigint NOT NULL DEFAULT '0'
) ENGINE=InnoDB DEFAULT CHARSET=utf8mb4 COLLATE=utf8mb4_0900_ai_ci;
/*!40101 SET character_set_client = @saved_cs_client */;

--
-- Dumping data for table `totalsales`
--

LOCK TABLES `totalsales` WRITE;
/*!40000 ALTER TABLE `totalsales` DISABLE KEYS */;
INSERT INTO `totalsales` VALUES (1000);
/*!40000 ALTER TABLE `totalsales` ENABLE KEYS */;
UNLOCK TABLES;

--
-- Table structure for table `yearlysales`
--

DROP TABLE IF EXISTS `yearlysales`;
/*!40101 SET @saved_cs_client     = @@character_set_client */;
/*!50503 SET character_set_client = utf8mb4 */;
CREATE TABLE `yearlysales` (
  `year` int DEFAULT NULL,
  `yearly_sales` decimal(32,0) DEFAULT NULL
) ENGINE=InnoDB DEFAULT CHARSET=utf8mb4 COLLATE=utf8mb4_0900_ai_ci;
/*!40101 SET character_set_client = @saved_cs_client */;

--
-- Dumping data for table `yearlysales`
--

LOCK TABLES `yearlysales` WRITE;
/*!40000 ALTER TABLE `yearlysales` DISABLE KEYS */;
INSERT INTO `yearlysales` VALUES (2023,454470),(2024,1530);
/*!40000 ALTER TABLE `yearlysales` ENABLE KEYS */;
UNLOCK TABLES;
/*!40103 SET TIME_ZONE=@OLD_TIME_ZONE */;

/*!40101 SET SQL_MODE=@OLD_SQL_MODE */;
/*!40014 SET FOREIGN_KEY_CHECKS=@OLD_FOREIGN_KEY_CHECKS */;
/*!40014 SET UNIQUE_CHECKS=@OLD_UNIQUE_CHECKS */;
/*!40101 SET CHARACTER_SET_CLIENT=@OLD_CHARACTER_SET_CLIENT */;
/*!40101 SET CHARACTER_SET_RESULTS=@OLD_CHARACTER_SET_RESULTS */;
/*!40101 SET COLLATION_CONNECTION=@OLD_COLLATION_CONNECTION */;
/*!40111 SET SQL_NOTES=@OLD_SQL_NOTES */;

-- Dump completed on 2026-05-17 21:41:10
